STATEFP,STATE,County_FIPS,County_NAME,miscanthus_yield
1,AL,1001,Autauga,28.087243
1,AL,1003,Baldwin,30.760366
1,AL,1005,Barbour,24.261185
1,AL,1007,Bibb,21.993568
1,AL,1009,Blount,21.121214
1,AL,1011,Bullock,21.517415
1,AL,1013,Butler,25.13819
1,AL,1015,Calhoun,22.433626
1,AL,1017,Chambers,19.526057
1,AL,1019,Cherokee,20.826611
1,AL,1021,Chilton,24.467986
1,AL,1023,Choctaw,24.717511
1,AL,1025,Clarke,23.103316
1,AL,1027,Clay,21.062006
1,AL,1029,Cleburne,23.522496
1,AL,1031,Coffee,24.946321
1,AL,1033,Colbert,25.684006
1,AL,1035,Conecuh,25.512416
1,AL,1037,Coosa,21.734366
1,AL,1039,Covington,26.935642
1,AL,1041,Crenshaw,25.030287
1,AL,1043,Cullman,22.113831
1,AL,1045,Dale,27.44192
1,AL,1047,Dallas,25.001087
1,AL,1049,DeKalb,22.105364
1,AL,1051,Elmore,22.003297
1,AL,1053,Escambia,27.853069
1,AL,1055,Etowah,20.354607
1,AL,1057,Fayette,22.512128
1,AL,1059,Franklin,17.495
1,AL,1061,Geneva,28.826059
1,AL,1063,Greene,21.271531
1,AL,1065,Hale,24.663685
1,AL,1067,Henry,26.418976
1,AL,1069,Houston,27.148728
1,AL,1071,Jackson,26.505894
1,AL,1073,Jefferson,20.666253
1,AL,1075,Lamar,22.785343
1,AL,1077,Lauderdale,25.441765
1,AL,1079,Lawrence,27.266511
1,AL,1081,Lee,21.110468
1,AL,1083,Limestone,28.314889
1,AL,1085,Lowndes,22.813025
1,AL,1087,Macon,20.683093
1,AL,1089,Madison,27.008872
1,AL,1091,Marengo,25.652201
1,AL,1093,Marion,20.319517
1,AL,1095,Marshall,22.620034
1,AL,1097,Mobile,28.922169
1,AL,1099,Monroe,25.700517
1,AL,1101,Montgomery,26.036567
1,AL,1103,Morgan,25.349948
1,AL,1105,Perry,26.51314
1,AL,1107,Pickens,27.767301
1,AL,1109,Pike,21.419772
1,AL,1111,Randolph,21.084636
1,AL,1113,Russell,21.211143
1,AL,1115,St. Clair,21.045784
1,AL,1117,Shelby,20.54257
1,AL,1119,Sumter,24.997817
1,AL,1121,Talladega,22.434539
1,AL,1123,Tallapoosa,22.229766
1,AL,1125,Tuscaloosa,21.739491
1,AL,1127,Walker,22.157056
1,AL,1129,Washington,23.912666
1,AL,1131,Wilcox,25.970048
1,AL,1133,Winston,22.230291
4,AZ,4001,Apache,0.036292
4,AZ,4003,Cochise,0.045426
4,AZ,4005,Coconino,0.030758
4,AZ,4007,Gila,0.023464
4,AZ,4009,Graham,0.022829
4,AZ,4011,Greenlee,0.021255
4,AZ,4012,La Paz,0.018811
4,AZ,4013,Maricopa,0.019471
4,AZ,4015,Mohave,0.019616
4,AZ,4017,Navajo,0.039458
4,AZ,4019,Pima,0.030918
4,AZ,4021,Pinal,0.035619
4,AZ,4023,Santa Cruz,0.253783
4,AZ,4025,Yavapai,0.038222
4,AZ,4027,Yuma,0.018724
5,AR,5001,Arkansas,28.783904
5,AR,5003,Ashley,28.371538
5,AR,5005,Baxter,19.930243
5,AR,5007,Benton,27.219417
5,AR,5009,Boone,12.290442
5,AR,5011,Bradley,28.193263
5,AR,5013,Calhoun,28.303889
5,AR,5015,Carroll,21.789204
5,AR,5017,Chicot,28.224497
5,AR,5019,Clark,24.438203
5,AR,5021,Clay,14.739183
5,AR,5023,Cleburne,24.104389
5,AR,5025,Cleveland,28.383243
5,AR,5027,Columbia,22.239366
5,AR,5029,Conway,25.767265
5,AR,5031,Craighead,0.72559
5,AR,5033,Crawford,25.672495
5,AR,5035,Crittenden,28.118002
5,AR,5037,Cross,27.958866
5,AR,5039,Dallas,29.127262
5,AR,5041,Desha,28.255478
5,AR,5043,Drew,28.370633
5,AR,5045,Faulkner,26.184069
5,AR,5047,Franklin,25.894848
5,AR,5049,Fulton,22.60724
5,AR,5051,Garland,24.771487
5,AR,5053,Grant,28.742004
5,AR,5055,Greene,0.886775
5,AR,5057,Hempstead,22.550986
5,AR,5059,Hot Spring,24.439914
5,AR,5061,Howard,27.090406
5,AR,5063,Independence,9.772522
5,AR,5065,Izard,3.966841
5,AR,5067,Jackson,0.699347
5,AR,5069,Jefferson,28.138092
5,AR,5071,Johnson,27.850266
5,AR,5073,Lafayette,26.460694
5,AR,5075,Lawrence,11.826601
5,AR,5077,Lee,28.380682
5,AR,5079,Lincoln,28.61119
5,AR,5081,Little River,21.728631
5,AR,5083,Logan,25.573892
5,AR,5085,Lonoke,28.232595
5,AR,5087,Madison,24.359152
5,AR,5089,Marion,19.459274
5,AR,5091,Miller,26.771934
5,AR,5093,Mississippi,28.586781
5,AR,5095,Monroe,0.959784
5,AR,5097,Montgomery,25.915483
5,AR,5099,Nevada,21.908919
5,AR,5101,Newton,23.076785
5,AR,5103,Ouachita,28.253443
5,AR,5105,Perry,24.878781
5,AR,5107,Phillips,1.526455
5,AR,5109,Pike,25.058608
5,AR,5111,Poinsett,14.35267
5,AR,5113,Polk,26.408756
5,AR,5115,Pope,25.517182
5,AR,5117,Prairie,19.343053
5,AR,5119,Pulaski,21.16401
5,AR,5121,Randolph,15.035064
5,AR,5123,St. Francis,28.165156
5,AR,5125,Saline,23.788025
5,AR,5127,Scott,25.74582
5,AR,5129,Searcy,23.140498
5,AR,5131,Sebastian,26.216512
5,AR,5133,Sevier,23.787182
5,AR,5135,Sharp,16.888188
5,AR,5137,Stone,18.252585
5,AR,5139,Union,27.757704
5,AR,5141,Van Buren,25.869547
5,AR,5143,Washington,26.277279
5,AR,5145,White,25.541537
5,AR,5147,Woodruff,8.45728
5,AR,5149,Yell,24.995184
6,CA,6001,Alameda,0.438333
6,CA,6003,Alpine,0.012124
6,CA,6005,Amador,0.547082
6,CA,6007,Butte,3.441387
6,CA,6009,Calaveras,0.287435
6,CA,6011,Colusa,1.884748
6,CA,6013,Contra Costa,2.805102
6,CA,6015,Del Norte,0.097218
6,CA,6017,El Dorado,1.294949
6,CA,6019,Fresno,0.349531
6,CA,6021,Glenn,1.218959
6,CA,6023,Humboldt,5.440995
6,CA,6025,Imperial,0.018707
6,CA,6027,Inyo,0.017782
6,CA,6029,Kern,0.04495
6,CA,6031,Kings,0.058976
6,CA,6033,Lake,0.753128
6,CA,6035,Lassen,0.059874
6,CA,6037,Los Angeles,0.025602
6,CA,6039,Madera,0.537653
6,CA,6041,Marin,0.270841
6,CA,6043,Mariposa,0.568318
6,CA,6045,Mendocino,6.629428
6,CA,6047,Merced,1.143184
6,CA,6049,Modoc,0.037503
6,CA,6051,Mono,0.010294
6,CA,6053,Monterey,0.27461
6,CA,6055,Napa,0.32188
6,CA,6057,Nevada,0.957074
6,CA,6059,Orange,0.058312
6,CA,6061,Placer,1.920686
6,CA,6063,Plumas,0.222745
6,CA,6065,Riverside,0.031429
6,CA,6067,Sacramento,2.614036
6,CA,6069,San Benito,0.168612
6,CA,6071,San Bernardino,0.019365
6,CA,6073,San Diego,0.354571
6,CA,6075,San Francisco,0.270841
6,CA,6077,San Joaquin,1.609596
6,CA,6079,San Luis Obispo,0.263024
6,CA,6081,San Mateo,0.083608
6,CA,6083,Santa Barbara,0.179197
6,CA,6085,Santa Clara,0.412498
6,CA,6087,Santa Cruz,0.727144
6,CA,6089,Shasta,1.50351
6,CA,6091,Sierra,0.022336
6,CA,6093,Siskiyou,0.435129
6,CA,6095,Solano,3.472174
6,CA,6097,Sonoma,3.263646
6,CA,6099,Stanislaus,0.457791
6,CA,6101,Sutter,2.455697
6,CA,6103,Tehama,1.913946
6,CA,6105,Trinity,0.961481
6,CA,6107,Tulare,0.209368
6,CA,6109,Tuolumne,0.293047
6,CA,6111,Ventura,0.079353
6,CA,6113,Yolo,5.841288
6,CA,6115,Yuba,2.272211
8,CO,8001,Adams,0.579701
8,CO,8003,Alamosa,0.016162
8,CO,8005,Arapahoe,0.408552
8,CO,8007,Archuleta,0.033536
8,CO,8009,Baca,0.817041
8,CO,8011,Bent,0.021296
8,CO,8013,Boulder,0.054518
8,CO,8014,Broomfield,0.300306
8,CO,8015,Chaffee,0.009276
8,CO,8017,Cheyenne,0.978979
8,CO,8019,Clear Creek,0.011772
8,CO,8021,Conejos,0.016404
8,CO,8023,Costilla,0.019036
8,CO,8025,Crowley,0.540933
8,CO,8027,Custer,0.018215
8,CO,8029,Delta,0.120949
8,CO,8031,Denver,0.414985
8,CO,8033,Dolores,0.024064
8,CO,8035,Douglas,0.059947
8,CO,8037,Eagle,0.013991
8,CO,8039,Elbert,0.327928
8,CO,8041,El Paso,1.235691
8,CO,8043,Fremont,0.02142
8,CO,8045,Garfield,0.02127
8,CO,8047,Gilpin,0.011772
8,CO,8049,Grand,0.018864
8,CO,8051,Gunnison,0.01846
8,CO,8053,Hinsdale,0.020338
8,CO,8055,Huerfano,0.031265
8,CO,8057,Jackson,0.016922
8,CO,8059,Jefferson,0.029032
8,CO,8061,Kiowa,1.850167
8,CO,8063,Kit Carson,0.122814
8,CO,8065,Lake,0.012567
8,CO,8067,La Plata,0.016352
8,CO,8069,Larimer,0.018415
8,CO,8071,Las Animas,0.112656
8,CO,8073,Lincoln,0.49797
8,CO,8075,Logan,0.15581
8,CO,8077,Mesa,0.042294
8,CO,8079,Mineral,0.017615
8,CO,8081,Moffat,0.039716
8,CO,8083,Montezuma,0.024356
8,CO,8085,Montrose,0.036093
8,CO,8087,Morgan,0.029585
8,CO,8089,Otero,0.524555
8,CO,8091,Ouray,0.016347
8,CO,8093,Park,0.019039
8,CO,8095,Phillips,1.634117
8,CO,8097,Pitkin,0.017137
8,CO,8099,Prowers,1.322381
8,CO,8101,Pueblo,0.077995
8,CO,8103,Rio Blanco,0.021684
8,CO,8105,Rio Grande,0.015674
8,CO,8107,Routt,0.031461
8,CO,8109,Saguache,0.015386
8,CO,8111,San Juan,0.012279
8,CO,8113,San Miguel,0.024201
8,CO,8115,Sedgwick,2.258512
8,CO,8117,Summit,0.009628
8,CO,8119,Teller,0.025202
8,CO,8121,Washington,0.463192
8,CO,8123,Weld,0.564998
8,CO,8125,Yuma,5.122328
9,CT,9001,Fairfield,19.963716
9,CT,9003,Hartford,16.431934
9,CT,9005,Litchfield,17.727198
9,CT,9007,Middlesex,27.003874
9,CT,9009,New Haven,19.591652
9,CT,9011,New London,18.93154
9,CT,9013,Tolland,18.961535
9,CT,9015,Windham,14.419188
10,DE,10001,Kent,2.468819
10,DE,10003,New Castle,24.711943
10,DE,10005,Sussex,2.705857
11,DC,11001,District of Columbia,14.075882
12,FL,12001,Alachua,17.490977
12,FL,12003,Baker,23.932782
12,FL,12005,Bay,27.506518
12,FL,12007,Bradford,20.731299
12,FL,12009,Brevard,17.406835
12,FL,12011,Broward,10.390803
12,FL,12013,Calhoun,25.850266
12,FL,12015,Charlotte,5.839043
12,FL,12017,Citrus,10.182703
12,FL,12019,Clay,22.176743
12,FL,12021,Collier,7.427293
12,FL,12023,Columbia,25.026744
12,FL,12027,DeSoto,3.877752
12,FL,12029,Dixie,22.941292
12,FL,12031,Duval,22.208669
12,FL,12033,Escambia,30.276088
12,FL,12035,Flagler,10.425159
12,FL,12037,Franklin,22.269082
12,FL,12039,Gadsden,28.450468
12,FL,12041,Gilchrist,23.863153
12,FL,12043,Glades,12.582642
12,FL,12045,Gulf,26.76769
12,FL,12047,Hamilton,24.735264
12,FL,12049,Hardee,12.846904
12,FL,12051,Hendry,10.62955
12,FL,12053,Hernando,8.691827
12,FL,12055,Highlands,9.119491
12,FL,12057,Hillsborough,4.908512
12,FL,12059,Holmes,27.398859
12,FL,12061,Indian River,5.942009
12,FL,12063,Jackson,27.097546
12,FL,12065,Jefferson,28.855364
12,FL,12067,Lafayette,24.982277
12,FL,12069,Lake,2.690173
12,FL,12071,Lee,12.190502
12,FL,12073,Leon,17.878605
12,FL,12075,Levy,18.049548
12,FL,12077,Liberty,27.34128
12,FL,12079,Madison,28.420463
12,FL,12081,Manatee,8.902123
12,FL,12083,Marion,13.279723
12,FL,12085,Martin,11.591483
12,FL,12086,Miami-Dade,6.925486
12,FL,12087,Monroe,4.074358
12,FL,12089,Nassau,21.02437
12,FL,12091,Okaloosa,29.15529
12,FL,12093,Okeechobee,7.707827
12,FL,12095,Orange,9.700547
12,FL,12097,Osceola,8.257761
12,FL,12099,Palm Beach,12.061883
12,FL,12101,Pasco,7.473279
12,FL,12103,Pinellas,4.119864
12,FL,12105,Polk,8.344639
12,FL,12107,Putnam,8.124473
12,FL,12109,St. Johns,10.725341
12,FL,12111,St. Lucie,11.577223
12,FL,12113,Santa Rosa,22.675888
12,FL,12115,Sarasota,13.856755
12,FL,12117,Seminole,5.824232
12,FL,12119,Sumter,2.067314
12,FL,12121,Suwannee,27.453417
12,FL,12123,Taylor,28.951824
12,FL,12125,Union,24.037085
12,FL,12127,Volusia,4.648211
12,FL,12129,Wakulla,28.086117
12,FL,12131,Walton,23.467693
12,FL,12133,Washington,26.055437
13,GA,13001,Appling,20.604324
13,GA,13003,Atkinson,22.085456
13,GA,13005,Bacon,21.569831
13,GA,13007,Baker,28.485534
13,GA,13009,Baldwin,10.880656
13,GA,13011,Banks,14.699871
13,GA,13013,Barrow,12.193621
13,GA,13015,Bartow,20.925735
13,GA,13017,Ben Hill,26.9255
13,GA,13019,Berrien,27.603714
13,GA,13021,Bibb,9.22038
13,GA,13023,Bleckley,26.710045
13,GA,13025,Brantley,22.376916
13,GA,13027,Brooks,28.259872
13,GA,13029,Bryan,21.267959
13,GA,13031,Bulloch,20.560155
13,GA,13033,Burke,24.537206
13,GA,13035,Butts,11.893724
13,GA,13037,Calhoun,27.785115
13,GA,13039,Camden,18.931844
13,GA,13043,Candler,27.002929
13,GA,13045,Carroll,20.505209
13,GA,13047,Catoosa,22.470081
13,GA,13049,Charlton,21.150411
13,GA,13051,Chatham,13.430972
13,GA,13053,Chattahoochee,24.853325
13,GA,13055,Chattooga,21.483228
13,GA,13057,Cherokee,25.138874
13,GA,13059,Clarke,11.012899
13,GA,13061,Clay,26.228214
13,GA,13063,Clayton,14.17387
13,GA,13065,Clinch,22.483242
13,GA,13067,Cobb,7.743536
13,GA,13069,Coffee,22.449262
13,GA,13071,Colquitt,28.196328
13,GA,13073,Columbia,9.347649
13,GA,13075,Cook,28.32804
13,GA,13077,Coweta,15.241718
13,GA,13079,Crawford,8.52957
13,GA,13081,Crisp,27.215347
13,GA,13083,Dade,24.064198
13,GA,13085,Dawson,25.138874
13,GA,13087,Decatur,27.368584
13,GA,13089,DeKalb,15.689757
13,GA,13091,Dodge,26.710045
13,GA,13093,Dooly,27.003733
13,GA,13095,Dougherty,27.634138
13,GA,13097,Douglas,13.904374
13,GA,13099,Early,28.200165
13,GA,13101,Echols,25.046365
13,GA,13103,Effingham,21.017706
13,GA,13105,Elbert,10.230568
13,GA,13107,Emanuel,27.159683
13,GA,13109,Evans,21.308109
13,GA,13111,Fannin,24.202382
13,GA,13113,Fayette,19.087636
13,GA,13115,Floyd,21.483228
13,GA,13117,Forsyth,14.132622
13,GA,13119,Franklin,13.006574
13,GA,13121,Fulton,16.740708
13,GA,13123,Gilmer,22.125906
13,GA,13125,Glascock,25.954449
13,GA,13127,Glynn,17.517928
13,GA,13129,Gordon,21.40387
13,GA,13131,Grady,28.607209
13,GA,13133,Greene,10.173927
13,GA,13135,Gwinnett,14.110594
13,GA,13137,Habersham,14.699871
13,GA,13139,Hall,14.132622
13,GA,13141,Hancock,10.763621
13,GA,13143,Haralson,17.695958
13,GA,13145,Harris,8.829779
13,GA,13147,Hart,13.179684
13,GA,13149,Heard,12.785306
13,GA,13151,Henry,14.17387
13,GA,13153,Houston,26.8196
13,GA,13155,Irwin,27.603714
13,GA,13157,Jackson,15.254934
13,GA,13159,Jasper,10.914343
13,GA,13161,Jeff Davis,19.72792
13,GA,13163,Jefferson,26.970459
13,GA,13165,Jenkins,21.066932
13,GA,13167,Johnson,26.464511
13,GA,13169,Jones,10.869617
13,GA,13171,Lamar,11.964753
13,GA,13173,Lanier,28.476452
13,GA,13175,Laurens,26.995452
13,GA,13177,Lee,27.993009
13,GA,13179,Liberty,20.620276
13,GA,13181,Lincoln,9.17198
13,GA,13183,Long,20.626783
13,GA,13185,Lowndes,28.272576
13,GA,13187,Lumpkin,24.202382
13,GA,13189,McDuffie,8.987822
13,GA,13191,McIntosh,21.007166
13,GA,13193,Macon,27.161238
13,GA,13195,Madison,11.964724
13,GA,13197,Marion,24.853325
13,GA,13199,Meriwether,7.194124
13,GA,13201,Miller,27.917608
13,GA,13205,Mitchell,28.256746
13,GA,13207,Monroe,11.964753
13,GA,13209,Montgomery,26.26208
13,GA,13211,Morgan,10.631443
13,GA,13213,Murray,21.172781
13,GA,13215,Muscogee,12.994133
13,GA,13217,Newton,17.794664
13,GA,13219,Oconee,11.012899
13,GA,13221,Oglethorpe,10.73671
13,GA,13223,Paulding,14.853107
13,GA,13225,Peach,23.144828
13,GA,13227,Pickens,22.187933
13,GA,13229,Pierce,19.683215
13,GA,13231,Pike,12.81879
13,GA,13233,Polk,21.686102
13,GA,13235,Pulaski,26.948877
13,GA,13237,Putnam,10.285933
13,GA,13239,Quitman,21.59907
13,GA,13241,Rabun,21.703935
13,GA,13243,Randolph,26.847674
13,GA,13245,Richmond,9.347649
13,GA,13247,Rockdale,17.794664
13,GA,13249,Schley,25.27814
13,GA,13251,Screven,20.66344
13,GA,13253,Seminole,27.991728
13,GA,13255,Spalding,12.81879
13,GA,13257,Stephens,14.699871
13,GA,13259,Stewart,25.035571
13,GA,13261,Sumter,26.500688
13,GA,13263,Talbot,9.489345
13,GA,13265,Taliaferro,10.96841
13,GA,13267,Tattnall,20.257805
13,GA,13269,Taylor,7.724392
13,GA,13271,Telfair,22.318071
13,GA,13273,Terrell,28.04735
13,GA,13275,Thomas,28.367975
13,GA,13277,Tift,27.840605
13,GA,13279,Toombs,26.611536
13,GA,13281,Towns,22.6662
13,GA,13283,Treutlen,26.886348
13,GA,13285,Troup,13.013984
13,GA,13287,Turner,27.45031
13,GA,13289,Twiggs,26.583694
13,GA,13291,Union,24.471572
13,GA,13293,Upson,9.164497
13,GA,13295,Walker,22.625536
13,GA,13297,Walton,17.794664
13,GA,13299,Ware,20.508582
13,GA,13301,Warren,25.954449
13,GA,13303,Washington,26.475603
13,GA,13305,Wayne,21.033318
13,GA,13307,Webster,25.348058
13,GA,13309,Wheeler,26.26208
13,GA,13311,White,19.074566
13,GA,13313,Whitfield,21.172781
13,GA,13315,Wilcox,26.948877
13,GA,13317,Wilkes,9.303054
13,GA,13319,Wilkinson,26.503675
13,GA,13321,Worth,28.306194
16,ID,16001,Ada,0.329893
16,ID,16003,Adams,0.894446
16,ID,16005,Bannock,0.216884
16,ID,16007,Bear Lake,0.049735
16,ID,16009,Benewah,9.95641
16,ID,16011,Bingham,0.189502
16,ID,16013,Blaine,0.035115
16,ID,16015,Boise,0.164094
16,ID,16017,Bonner,8.703249
16,ID,16019,Bonneville,0.258161
16,ID,16021,Boundary,1.778413
16,ID,16023,Butte,0.031092
16,ID,16025,Camas,0.036073
16,ID,16027,Canyon,0.07287
16,ID,16029,Caribou,0.072218
16,ID,16031,Cassia,0.127812
16,ID,16033,Clark,0.161404
16,ID,16035,Clearwater,6.49312
16,ID,16037,Custer,0.012643
16,ID,16039,Elmore,0.052431
16,ID,16041,Franklin,0.150919
16,ID,16043,Fremont,0.319547
16,ID,16045,Gem,0.340654
16,ID,16047,Gooding,0.159703
16,ID,16049,Idaho,2.387136
16,ID,16051,Jefferson,0.27097
16,ID,16053,Jerome,0.124714
16,ID,16055,Kootenai,8.437189
16,ID,16057,Latah,7.941675
16,ID,16059,Lemhi,0.09562
16,ID,16061,Lewis,11.156599
16,ID,16063,Lincoln,0.142255
16,ID,16065,Madison,0.05933
16,ID,16067,Minidoka,0.082495
16,ID,16069,Nez Perce,7.438923
16,ID,16071,Oneida,0.379509
16,ID,16073,Owyhee,0.045407
16,ID,16075,Payette,0.151675
16,ID,16077,Power,0.325396
16,ID,16079,Shoshone,4.112025
16,ID,16081,Teton,0.23801
16,ID,16083,Twin Falls,0.054114
16,ID,16085,Valley,0.051988
16,ID,16087,Washington,0.468894
17,IL,17001,Adams,28.128798
17,IL,17003,Alexander,20.072094
17,IL,17005,Bond,28.695301
17,IL,17007,Boone,15.205427
17,IL,17009,Brown,29.146246
17,IL,17011,Bureau,28.778829
17,IL,17013,Calhoun,20.718499
17,IL,17015,Carroll,24.683641
17,IL,17017,Cass,29.004572
17,IL,17019,Champaign,30.233684
17,IL,17021,Christian,29.489089
17,IL,17023,Clark,26.832409
17,IL,17025,Clay,29.219566
17,IL,17027,Clinton,28.568307
17,IL,17029,Coles,29.697295
17,IL,17031,Cook,27.604752
17,IL,17033,Crawford,29.568
17,IL,17035,Cumberland,29.25428
17,IL,17037,DeKalb,28.335279
17,IL,17039,De Witt,29.966857
17,IL,17041,Douglas,30.18203
17,IL,17043,DuPage,21.240866
17,IL,17045,Edgar,30.12401
17,IL,17047,Edwards,29.528124
17,IL,17049,Effingham,29.25428
17,IL,17051,Fayette,28.940815
17,IL,17053,Ford,30.104997
17,IL,17055,Franklin,26.347356
17,IL,17057,Fulton,28.703837
17,IL,17059,Gallatin,28.674119
17,IL,17061,Greene,28.694599
17,IL,17063,Grundy,23.308734
17,IL,17065,Hamilton,27.240663
17,IL,17067,Hancock,28.400086
17,IL,17069,Hardin,26.126055
17,IL,17071,Henderson,28.700627
17,IL,17073,Henry,22.311633
17,IL,17075,Iroquois,28.742073
17,IL,17077,Jackson,27.837361
17,IL,17079,Jasper,29.522268
17,IL,17081,Jefferson,26.732129
17,IL,17083,Jersey,28.354258
17,IL,17085,Jo Daviess,24.296296
17,IL,17087,Johnson,26.190166
17,IL,17089,Kane,28.235071
17,IL,17091,Kankakee,19.084657
17,IL,17093,Kendall,28.767671
17,IL,17095,Knox,28.873401
17,IL,17097,Lake,27.91269
17,IL,17099,LaSalle,28.843782
17,IL,17101,Lawrence,23.565823
17,IL,17103,Lee,14.801026
17,IL,17105,Livingston,29.325322
17,IL,17107,Logan,29.480837
17,IL,17109,McDonough,28.949144
17,IL,17111,McHenry,18.130651
17,IL,17113,McLean,29.580642
17,IL,17115,Macon,29.906669
17,IL,17117,Macoupin,29.154363
17,IL,17119,Madison,28.983395
17,IL,17121,Marion,28.857714
17,IL,17123,Marshall,28.245494
17,IL,17125,Mason,28.808031
17,IL,17127,Massac,26.376828
17,IL,17129,Menard,29.102665
17,IL,17131,Mercer,28.043305
17,IL,17133,Monroe,17.929966
17,IL,17135,Montgomery,29.173057
17,IL,17137,Morgan,29.110396
17,IL,17139,Moultrie,29.838495
17,IL,17141,Ogle,25.001728
17,IL,17143,Peoria,28.8215
17,IL,17145,Perry,28.419943
17,IL,17147,Piatt,30.152607
17,IL,17149,Pike,28.773094
17,IL,17151,Pope,26.961272
17,IL,17153,Pulaski,26.290389
17,IL,17155,Putnam,28.245494
17,IL,17157,Randolph,27.296893
17,IL,17159,Richland,29.591002
17,IL,17161,Rock Island,27.747077
17,IL,17163,St. Clair,24.407171
17,IL,17165,Saline,26.278528
17,IL,17167,Sangamon,29.471506
17,IL,17169,Schuyler,28.740019
17,IL,17171,Scott,28.81004
17,IL,17173,Shelby,29.606527
17,IL,17175,Stark,28.979106
17,IL,17177,Stephenson,23.285851
17,IL,17179,Tazewell,29.074114
17,IL,17181,Union,27.235336
17,IL,17183,Vermilion,23.661904
17,IL,17185,Wabash,29.528124
17,IL,17187,Warren,28.701923
17,IL,17189,Washington,28.568307
17,IL,17191,Wayne,29.415323
17,IL,17193,White,23.397789
17,IL,17195,Whiteside,18.26803
17,IL,17197,Will,25.374502
17,IL,17199,Williamson,26.422664
17,IL,17201,Winnebago,22.29847
17,IL,17203,Woodford,29.065875
18,IN,18001,Adams,28.28149
18,IN,18003,Allen,27.722446
18,IN,18005,Bartholomew,29.565275
18,IN,18007,Benton,27.354089
18,IN,18009,Blackford,28.691106
18,IN,18011,Boone,30.055864
18,IN,18013,Brown,28.122253
18,IN,18015,Carroll,29.649066
18,IN,18017,Cass,29.850657
18,IN,18019,Clark,27.461494
18,IN,18021,Clay,28.272462
18,IN,18023,Clinton,30.131708
18,IN,18025,Crawford,26.604032
18,IN,18027,Daviess,27.339896
18,IN,18029,Dearborn,24.578375
18,IN,18031,Decatur,28.075745
18,IN,18033,DeKalb,26.027972
18,IN,18035,Delaware,29.439757
18,IN,18037,Dubois,26.595078
18,IN,18039,Elkhart,26.428203
18,IN,18041,Fayette,29.185441
18,IN,18043,Floyd,26.345769
18,IN,18045,Fountain,26.757216
18,IN,18047,Franklin,26.169796
18,IN,18049,Fulton,27.408702
18,IN,18051,Gibson,24.823646
18,IN,18053,Grant,29.202196
18,IN,18055,Greene,26.410209
18,IN,18057,Hamilton,30.160813
18,IN,18059,Hancock,30.298524
18,IN,18061,Harrison,24.097804
18,IN,18063,Hendricks,30.2822
18,IN,18065,Henry,29.162564
18,IN,18067,Howard,29.792833
18,IN,18069,Huntington,27.021104
18,IN,18071,Jackson,28.292373
18,IN,18073,Jasper,28.124748
18,IN,18075,Jay,28.115794
18,IN,18077,Jefferson,29.343
18,IN,18079,Jennings,28.769741
18,IN,18081,Johnson,29.672899
18,IN,18083,Knox,25.42066
18,IN,18085,Kosciusko,27.012915
18,IN,18087,LaGrange,25.989629
18,IN,18089,Lake,28.432171
18,IN,18091,LaPorte,23.554725
18,IN,18093,Lawrence,25.857979
18,IN,18095,Madison,30.03539
18,IN,18097,Marion,29.748128
18,IN,18099,Marshall,28.378471
18,IN,18101,Martin,26.09374
18,IN,18103,Miami,28.602777
18,IN,18105,Monroe,25.190463
18,IN,18107,Montgomery,28.392613
18,IN,18109,Morgan,27.99462
18,IN,18111,Newton,9.055185
18,IN,18113,Noble,26.457255
18,IN,18115,Ohio,24.016825
18,IN,18117,Orange,26.270734
18,IN,18119,Owen,25.437358
18,IN,18121,Parke,30.532799
18,IN,18123,Perry,26.375851
18,IN,18125,Pike,26.009197
18,IN,18127,Porter,9.881957
18,IN,18129,Posey,27.66193
18,IN,18131,Pulaski,28.674578
18,IN,18133,Putnam,28.984639
18,IN,18135,Randolph,29.836199
18,IN,18137,Ripley,28.769741
18,IN,18139,Rush,29.424163
18,IN,18141,St. Joseph,29.108059
18,IN,18143,Scott,28.57722
18,IN,18145,Shelby,30.194869
18,IN,18147,Spencer,26.425916
18,IN,18149,Starke,28.908339
18,IN,18151,Steuben,25.527538
18,IN,18153,Sullivan,27.521193
18,IN,18155,Switzerland,25.436364
18,IN,18157,Tippecanoe,28.764194
18,IN,18159,Tipton,30.160813
18,IN,18161,Union,27.919711
18,IN,18163,Vanderburgh,27.66193
18,IN,18165,Vermillion,27.845279
18,IN,18167,Vigo,28.272462
18,IN,18169,Wabash,29.198374
18,IN,18171,Warren,30.190861
18,IN,18173,Warrick,25.99132
18,IN,18175,Washington,25.843907
18,IN,18177,Wayne,30.168686
18,IN,18179,Wells,24.836041
18,IN,18181,White,28.982935
18,IN,18183,Whitley,27.490876
19,IA,19001,Adair,24.30947
19,IA,19003,Adams,25.703101
19,IA,19005,Allamakee,11.831474
19,IA,19007,Appanoose,24.32395
19,IA,19009,Audubon,24.703472
19,IA,19011,Benton,21.835349
19,IA,19013,Black Hawk,27.484798
19,IA,19015,Boone,26.518733
19,IA,19017,Bremer,26.614553
19,IA,19019,Buchanan,4.775251
19,IA,19021,Buena Vista,16.963708
19,IA,19023,Butler,21.725973
19,IA,19025,Calhoun,25.645583
19,IA,19027,Carroll,24.27849
19,IA,19029,Cass,24.013413
19,IA,19031,Cedar,28.506612
19,IA,19033,Cerro Gordo,20.853745
19,IA,19035,Cherokee,9.781317
19,IA,19037,Chickasaw,26.246338
19,IA,19039,Clarke,23.762096
19,IA,19041,Clay,22.050519
19,IA,19043,Clayton,9.051358
19,IA,19045,Clinton,7.25521
19,IA,19047,Crawford,21.793664
19,IA,19049,Dallas,25.508271
19,IA,19051,Davis,25.733722
19,IA,19053,Decatur,24.605174
19,IA,19055,Delaware,18.816126
19,IA,19057,Des Moines,28.700627
19,IA,19059,Dickinson,19.584197
19,IA,19061,Dubuque,10.85515
19,IA,19063,Emmet,23.823183
19,IA,19065,Fayette,9.566867
19,IA,19067,Floyd,20.488333
19,IA,19069,Franklin,22.203825
19,IA,19071,Fremont,22.55487
19,IA,19073,Greene,26.092252
19,IA,19075,Grundy,27.583141
19,IA,19077,Guthrie,24.072892
19,IA,19079,Hamilton,27.716887
19,IA,19081,Hancock,26.264291
19,IA,19083,Hardin,24.881115
19,IA,19085,Harrison,22.762152
19,IA,19087,Henry,24.385508
19,IA,19089,Howard,18.46797
19,IA,19091,Humboldt,25.268111
19,IA,19093,Ida,12.251239
19,IA,19095,Iowa,21.06109
19,IA,19097,Jackson,14.840327
19,IA,19099,Jasper,24.967001
19,IA,19101,Jefferson,27.395569
19,IA,19103,Johnson,24.64817
19,IA,19105,Jones,18.283121
19,IA,19107,Keokuk,26.280593
19,IA,19109,Kossuth,25.724045
19,IA,19111,Lee,28.09946
19,IA,19113,Linn,26.776195
19,IA,19115,Louisa,20.559799
19,IA,19117,Lucas,24.207163
19,IA,19119,Lyon,17.288681
19,IA,19121,Madison,11.464987
19,IA,19123,Mahaska,23.536669
19,IA,19125,Marion,20.326317
19,IA,19127,Marshall,26.34157
19,IA,19129,Mills,22.55487
19,IA,19131,Mitchell,26.755786
19,IA,19133,Monona,15.99355
19,IA,19135,Monroe,20.892025
19,IA,19137,Montgomery,18.713384
19,IA,19139,Muscatine,28.684588
19,IA,19141,O'Brien,14.086738
19,IA,19143,Osceola,21.51266
19,IA,19145,Page,25.756829
19,IA,19147,Palo Alto,22.438517
19,IA,19149,Plymouth,18.094063
19,IA,19151,Pocahontas,25.08344
19,IA,19153,Polk,24.894707
19,IA,19155,Pottawattamie,21.39393
19,IA,19157,Poweshiek,25.776838
19,IA,19159,Ringgold,23.087194
19,IA,19161,Sac,15.130488
19,IA,19163,Scott,25.57635
19,IA,19165,Shelby,19.975147
19,IA,19167,Sioux,19.101375
19,IA,19169,Story,27.57524
19,IA,19171,Tama,22.144152
19,IA,19173,Taylor,25.262511
19,IA,19175,Union,23.720694
19,IA,19177,Van Buren,25.398923
19,IA,19179,Wapello,23.062631
19,IA,19181,Warren,17.688834
19,IA,19183,Washington,22.346219
19,IA,19185,Wayne,24.181566
19,IA,19187,Webster,27.028027
19,IA,19189,Winnebago,24.616405
19,IA,19191,Winneshiek,17.063897
19,IA,19193,Woodbury,14.468344
19,IA,19195,Worth,26.811389
19,IA,19197,Wright,26.958379
20,KS,20001,Allen,24.335986
20,KS,20003,Anderson,23.824083
20,KS,20005,Atchison,22.64254
20,KS,20007,Barber,10.809376
20,KS,20009,Barton,6.850287
20,KS,20011,Bourbon,24.681683
20,KS,20013,Brown,20.207322
20,KS,20015,Butler,21.913761
20,KS,20017,Chase,21.976071
20,KS,20019,Chautauqua,22.185711
20,KS,20021,Cherokee,23.654057
20,KS,20023,Cheyenne,2.993768
20,KS,20025,Clark,4.030112
20,KS,20027,Clay,11.058574
20,KS,20029,Cloud,8.383222
20,KS,20031,Coffey,23.797756
20,KS,20033,Comanche,18.018557
20,KS,20035,Cowley,19.340015
20,KS,20037,Crawford,25.39889
20,KS,20039,Decatur,5.762602
20,KS,20041,Dickinson,14.506238
20,KS,20043,Doniphan,22.64254
20,KS,20045,Douglas,19.069597
20,KS,20047,Edwards,7.892329
20,KS,20049,Elk,22.997434
20,KS,20051,Ellis,6.9388
20,KS,20053,Ellsworth,8.612283
20,KS,20055,Finney,2.766789
20,KS,20057,Ford,2.955553
20,KS,20059,Franklin,25.470611
20,KS,20061,Geary,18.303546
20,KS,20063,Gove,2.434615
20,KS,20065,Graham,3.527177
20,KS,20067,Grant,3.792159
20,KS,20069,Gray,0.974968
20,KS,20071,Greeley,3.370663
20,KS,20073,Greenwood,22.490572
20,KS,20075,Hamilton,2.83058
20,KS,20077,Harper,18.231864
20,KS,20079,Harvey,16.655404
20,KS,20081,Haskell,4.934665
20,KS,20083,Hodgeman,2.860113
20,KS,20085,Jackson,17.944732
20,KS,20087,Jefferson,17.127333
20,KS,20089,Jewell,10.999317
20,KS,20091,Johnson,22.602232
20,KS,20093,Kearny,1.989481
20,KS,20095,Kingman,14.638094
20,KS,20097,Kiowa,13.240327
20,KS,20099,Labette,22.681436
20,KS,20101,Lane,0.606674
20,KS,20103,Leavenworth,23.695896
20,KS,20105,Lincoln,7.140023
20,KS,20107,Linn,25.523629
20,KS,20109,Logan,2.575693
20,KS,20111,Lyon,22.861908
20,KS,20113,McPherson,17.187358
20,KS,20115,Marion,19.359328
20,KS,20117,Marshall,16.723509
20,KS,20119,Meade,1.64386
20,KS,20121,Miami,23.183871
20,KS,20123,Mitchell,8.566515
20,KS,20125,Montgomery,21.405472
20,KS,20127,Morris,21.900686
20,KS,20129,Morton,0.660119
20,KS,20131,Nemaha,20.469947
20,KS,20133,Neosho,24.216217
20,KS,20135,Ness,2.613101
20,KS,20137,Norton,7.06149
20,KS,20139,Osage,22.184428
20,KS,20141,Osborne,7.191791
20,KS,20143,Ottawa,10.421154
20,KS,20145,Pawnee,6.192648
20,KS,20147,Phillips,3.921333
20,KS,20149,Pottawatomie,20.156787
20,KS,20151,Pratt,14.877931
20,KS,20153,Rawlins,3.387386
20,KS,20155,Reno,22.007452
20,KS,20157,Republic,10.522702
20,KS,20159,Rice,11.216637
20,KS,20161,Riley,18.560147
20,KS,20163,Rooks,6.210388
20,KS,20165,Rush,4.216901
20,KS,20167,Russell,4.687107
20,KS,20169,Saline,11.583314
20,KS,20171,Scott,0.753479
20,KS,20173,Sedgwick,18.483018
20,KS,20175,Seward,2.840535
20,KS,20177,Shawnee,18.661459
20,KS,20179,Sheridan,0.693237
20,KS,20181,Sherman,1.398743
20,KS,20183,Smith,7.806294
20,KS,20185,Stafford,15.520265
20,KS,20187,Stanton,1.457637
20,KS,20189,Stevens,1.769804
20,KS,20191,Sumner,21.930392
20,KS,20193,Thomas,2.804975
20,KS,20195,Trego,4.839745
20,KS,20197,Wabaunsee,22.095779
20,KS,20199,Wallace,0.019329
20,KS,20201,Washington,14.657272
20,KS,20203,Wichita,0.639266
20,KS,20205,Wilson,23.561112
20,KS,20207,Woodson,23.960024
20,KS,20209,Wyandotte,23.695896
21,KY,21001,Adair,25.164626
21,KY,21003,Allen,24.206852
21,KY,21005,Anderson,26.683458
21,KY,21007,Ballard,29.959064
21,KY,21009,Barren,28.344588
21,KY,21011,Bath,26.344683
21,KY,21013,Bell,26.266615
21,KY,21015,Boone,24.016825
21,KY,21017,Bourbon,24.591775
21,KY,21019,Boyd,24.412537
21,KY,21021,Boyle,26.758067
21,KY,21023,Bracken,28.174648
21,KY,21025,Breathitt,27.129681
21,KY,21027,Breckinridge,26.762571
21,KY,21029,Bullitt,26.179831
21,KY,21031,Butler,25.532101
21,KY,21033,Caldwell,26.182663
21,KY,21035,Calloway,29.148074
21,KY,21037,Campbell,25.396775
21,KY,21039,Carlisle,29.24426
21,KY,21041,Carroll,25.436364
21,KY,21043,Carter,25.330342
21,KY,21045,Casey,26.62167
21,KY,21047,Christian,27.446783
21,KY,21049,Clark,26.489698
21,KY,21051,Clay,27.494523
21,KY,21053,Clinton,23.52483
21,KY,21055,Crittenden,26.182663
21,KY,21057,Cumberland,25.016966
21,KY,21059,Daviess,23.175903
21,KY,21061,Edmonson,26.159979
21,KY,21063,Elliott,25.926625
21,KY,21065,Estill,25.208538
21,KY,21067,Fayette,25.196251
21,KY,21069,Fleming,26.856527
21,KY,21071,Floyd,6.052077
21,KY,21073,Franklin,26.044035
21,KY,21075,Fulton,30.041256
21,KY,21077,Gallatin,25.758393
21,KY,21079,Garrard,25.080136
21,KY,21081,Grant,23.962682
21,KY,21083,Graves,29.815975
21,KY,21085,Grayson,26.947876
21,KY,21087,Green,27.413399
21,KY,21089,Greenup,24.860119
21,KY,21091,Hancock,26.14767
21,KY,21093,Hardin,25.669953
21,KY,21095,Harlan,26.857234
21,KY,21097,Harrison,24.227608
21,KY,21099,Hart,27.413399
21,KY,21101,Henderson,26.55235
21,KY,21103,Henry,25.721444
21,KY,21105,Hickman,30.041256
21,KY,21107,Hopkins,26.687646
21,KY,21109,Jackson,27.494523
21,KY,21111,Jefferson,26.587675
21,KY,21113,Jessamine,25.642585
21,KY,21115,Johnson,24.287512
21,KY,21117,Kenton,25.396775
21,KY,21119,Knott,27.235292
21,KY,21121,Knox,26.763753
21,KY,21123,Larue,24.348043
21,KY,21125,Laurel,26.92155
21,KY,21127,Lawrence,26.400389
21,KY,21129,Lee,27.837375
21,KY,21131,Leslie,27.385869
21,KY,21133,Letcher,27.026292
21,KY,21135,Lewis,25.530899
21,KY,21137,Lincoln,25.856508
21,KY,21139,Livingston,25.958888
21,KY,21141,Logan,24.528834
21,KY,21143,Lyon,26.413615
21,KY,21145,McCracken,26.376828
21,KY,21147,McCreary,26.276555
21,KY,21149,McLean,29.167397
21,KY,21151,Madison,25.080136
21,KY,21153,Magoffin,25.320813
21,KY,21155,Marion,27.403365
21,KY,21157,Marshall,29.148074
21,KY,21159,Martin,24.938658
21,KY,21161,Mason,26.856527
21,KY,21163,Meade,26.762571
21,KY,21165,Menifee,26.568648
21,KY,21167,Mercer,24.918892
21,KY,21169,Metcalfe,26.54607
21,KY,21171,Monroe,25.016966
21,KY,21173,Montgomery,26.120716
21,KY,21175,Morgan,25.926625
21,KY,21177,Muhlenberg,24.934006
21,KY,21179,Nelson,25.096693
21,KY,21181,Nicholas,26.120716
21,KY,21183,Ohio,26.586518
21,KY,21185,Oldham,27.721399
21,KY,21187,Owen,25.758393
21,KY,21189,Owsley,27.837375
21,KY,21191,Pendleton,23.962682
21,KY,21193,Perry,27.449891
21,KY,21195,Pike,22.113382
21,KY,21197,Powell,26.166799
21,KY,21199,Pulaski,25.971069
21,KY,21201,Robertson,24.227608
21,KY,21203,Rockcastle,25.968836
21,KY,21205,Rowan,25.14547
21,KY,21207,Russell,27.630676
21,KY,21209,Scott,25.485963
21,KY,21211,Shelby,26.315856
21,KY,21213,Simpson,21.954253
21,KY,21215,Spencer,25.096693
21,KY,21217,Taylor,27.168527
21,KY,21219,Todd,24.528834
21,KY,21221,Trigg,27.742352
21,KY,21223,Trimble,27.721399
21,KY,21225,Union,27.527138
21,KY,21227,Warren,25.042369
21,KY,21229,Washington,26.683458
21,KY,21231,Wayne,25.658693
21,KY,21233,Webster,26.500789
21,KY,21235,Whitley,26.786145
21,KY,21237,Wolfe,27.260366
21,KY,21239,Woodford,25.642585
22,LA,22001,Acadia,9.694872
22,LA,22003,Allen,30.782167
22,LA,22005,Ascension,29.478619
22,LA,22007,Assumption,28.957757
22,LA,22009,Avoyelles,29.864858
22,LA,22011,Beauregard,30.469481
22,LA,22013,Bienville,22.62077
22,LA,22015,Bossier,13.543305
22,LA,22017,Caddo,3.901642
22,LA,22019,Calcasieu,24.104374
22,LA,22021,Caldwell,7.256106
22,LA,22023,Cameron,8.07972
22,LA,22025,Catahoula,26.407215
22,LA,22027,Claiborne,21.788924
22,LA,22029,Concordia,29.112186
22,LA,22031,De Soto,4.450297
22,LA,22033,East Baton Rouge,11.342478
22,LA,22035,East Carroll,28.746414
22,LA,22037,East Feliciana,23.946161
22,LA,22039,Evangeline,31.205916
22,LA,22041,Franklin,28.442188
22,LA,22043,Grant,28.36248
22,LA,22045,Iberia,30.583662
22,LA,22047,Iberville,29.097052
22,LA,22049,Jackson,22.108271
22,LA,22051,Jefferson,9.646998
22,LA,22053,Jefferson Davis,10.855599
22,LA,22055,Lafayette,30.441614
22,LA,22057,Lafourche,14.458385
22,LA,22059,La Salle,22.03783
22,LA,22061,Lincoln,21.561747
22,LA,22063,Livingston,30.281694
22,LA,22065,Madison,28.846496
22,LA,22067,Morehouse,25.339354
22,LA,22069,Natchitoches,24.48448
22,LA,22071,Orleans,7.516553
22,LA,22073,Ouachita,10.666048
22,LA,22075,Plaquemines,7.210578
22,LA,22077,Pointe Coupee,29.682077
22,LA,22079,Rapides,28.257332
22,LA,22081,Red River,16.576219
22,LA,22083,Richland,25.383217
22,LA,22085,Sabine,27.517916
22,LA,22087,St. Bernard,9.291983
22,LA,22089,St. Charles,30.240321
22,LA,22091,St. Helena,30.68108
22,LA,22093,St. James,30.054614
22,LA,22095,St. John the Baptist,29.881606
22,LA,22097,St. Landry,29.706634
22,LA,22099,St. Martin,29.51554
22,LA,22101,St. Mary,16.902518
22,LA,22103,St. Tammany,28.454279
22,LA,22105,Tangipahoa,30.148349
22,LA,22107,Tensas,28.860977
22,LA,22109,Terrebonne,13.761388
22,LA,22111,Union,21.384457
22,LA,22113,Vermilion,16.116405
22,LA,22115,Vernon,28.150943
22,LA,22117,Washington,30.242097
22,LA,22119,Webster,24.810668
22,LA,22121,West Baton Rouge,29.259225
22,LA,22123,West Carroll,28.865379
22,LA,22125,West Feliciana,29.80731
22,LA,22127,Winn,11.168706
23,ME,23001,Androscoggin,8.692
23,ME,23003,Aroostook,10.342028
23,ME,23005,Cumberland,11.807752
23,ME,23007,Franklin,10.539514
23,ME,23009,Hancock,14.004884
23,ME,23011,Kennebec,15.858561
23,ME,23013,Knox,13.441287
23,ME,23015,Lincoln,14.857965
23,ME,23017,Oxford,12.669383
23,ME,23019,Penobscot,13.341373
23,ME,23021,Piscataquis,9.969393
23,ME,23023,Sagadahoc,13.985499
23,ME,23025,Somerset,11.105187
23,ME,23027,Waldo,16.077121
23,ME,23029,Washington,13.553713
23,ME,23031,York,12.639614
24,MD,24001,Allegany,21.891726
24,MD,24003,Anne Arundel,25.99588
24,MD,24005,Baltimore,26.70786
24,MD,24009,Calvert,5.811486
24,MD,24011,Caroline,30.641327
24,MD,24013,Carroll,27.458188
24,MD,24015,Cecil,26.509502
24,MD,24017,Charles,28.58033
24,MD,24019,Dorchester,30.928083
24,MD,24021,Frederick,29.147224
24,MD,24023,Garrett,25.277494
24,MD,24025,Harford,28.411351
24,MD,24027,Howard,26.661173
24,MD,24029,Kent,30.337933
24,MD,24031,Montgomery,26.604454
24,MD,24033,Prince George's,14.105503
24,MD,24035,Queen Anne's,30.337933
24,MD,24037,St. Mary's,5.811486
24,MD,24039,Somerset,31.942993
24,MD,24041,Talbot,29.991201
24,MD,24043,Washington,28.924862
24,MD,24045,Wicomico,31.071338
24,MD,24047,Worcester,3.973255
24,MD,24510,Baltimore,26.70786
25,MA,25001,Barnstable,3.815614
25,MA,25003,Berkshire,16.999714
25,MA,25005,Bristol,2.690248
25,MA,25007,Dukes,4.017674
25,MA,25009,Essex,17.085882
25,MA,25011,Franklin,11.461918
25,MA,25013,Hampden,8.573579
25,MA,25015,Hampshire,3.072985
25,MA,25017,Middlesex,1.041878
25,MA,25019,Nantucket,3.815614
25,MA,25021,Norfolk,6.139013
25,MA,25023,Plymouth,3.587832
25,MA,25025,Suffolk,6.139013
25,MA,25027,Worcester,6.656803
26,MI,26001,Alcona,11.913383
26,MI,26003,Alger,7.192454
26,MI,26005,Allegan,26.128919
26,MI,26007,Alpena,2.316209
26,MI,26009,Antrim,22.436748
26,MI,26011,Arenac,21.169535
26,MI,26013,Baraga,14.788525
26,MI,26015,Barry,25.022599
26,MI,26017,Bay,24.980677
26,MI,26019,Benzie,11.561439
26,MI,26021,Berrien,28.167
26,MI,26023,Branch,25.363714
26,MI,26025,Calhoun,20.940422
26,MI,26027,Cass,26.156822
26,MI,26029,Charlevoix,22.436748
26,MI,26031,Cheboygan,11.478781
26,MI,26033,Chippewa,18.621824
26,MI,26035,Clare,6.392266
26,MI,26037,Clinton,24.13595
26,MI,26039,Crawford,10.435737
26,MI,26041,Delta,8.778552
26,MI,26043,Dickinson,3.779435
26,MI,26045,Eaton,23.733277
26,MI,26047,Emmet,3.229824
26,MI,26049,Genesee,24.123004
26,MI,26051,Gladwin,23.071791
26,MI,26053,Gogebic,9.342542
26,MI,26055,Grand Traverse,21.052216
26,MI,26057,Gratiot,24.507474
26,MI,26059,Hillsdale,24.917567
26,MI,26061,Houghton,9.449157
26,MI,26063,Huron,28.3517
26,MI,26065,Ingham,23.37658
26,MI,26067,Ionia,16.405956
26,MI,26069,Iosco,16.295586
26,MI,26071,Iron,3.278487
26,MI,26073,Isabella,14.132755
26,MI,26075,Jackson,21.960977
26,MI,26077,Kalamazoo,21.03825
26,MI,26079,Kalkaska,8.604018
26,MI,26081,Kent,25.613225
26,MI,26083,Keweenaw,16.275023
26,MI,26085,Lake,23.533968
26,MI,26087,Lapeer,25.351105
26,MI,26089,Leelanau,11.561439
26,MI,26091,Lenawee,25.793745
26,MI,26093,Livingston,19.154233
26,MI,26095,Luce,9.915221
26,MI,26097,Mackinac,5.70591
26,MI,26099,Macomb,26.061288
26,MI,26101,Manistee,3.818661
26,MI,26103,Marquette,6.012004
26,MI,26105,Mason,5.338097
26,MI,26107,Mecosta,22.738519
26,MI,26109,Menominee,3.367268
26,MI,26111,Midland,25.362449
26,MI,26113,Missaukee,3.775603
26,MI,26115,Monroe,25.740594
26,MI,26117,Montcalm,23.068317
26,MI,26119,Montmorency,4.472608
26,MI,26121,Muskegon,7.859047
26,MI,26123,Newaygo,3.521817
26,MI,26125,Oakland,24.025362
26,MI,26127,Oceana,2.050453
26,MI,26129,Ogemaw,6.86019
26,MI,26131,Ontonagon,3.974619
26,MI,26133,Osceola,14.371903
26,MI,26135,Oscoda,9.738815
26,MI,26137,Otsego,19.713379
26,MI,26139,Ottawa,5.865063
26,MI,26141,Presque Isle,0.031747
26,MI,26143,Roscommon,7.189212
26,MI,26145,Saginaw,14.740363
26,MI,26147,St. Clair,25.843575
26,MI,26149,St. Joseph,22.23665
26,MI,26151,Sanilac,25.337985
26,MI,26153,Schoolcraft,8.111969
26,MI,26155,Shiawassee,14.23232
26,MI,26157,Tuscola,27.635769
26,MI,26159,Van Buren,28.18712
26,MI,26161,Washtenaw,23.314596
26,MI,26163,Wayne,26.337343
26,MI,26165,Wexford,11.070461
27,MN,27001,Aitkin,10.151377
27,MN,27003,Anoka,22.389178
27,MN,27005,Becker,8.740501
27,MN,27007,Beltrami,4.45829
27,MN,27009,Benton,1.887219
27,MN,27011,Big Stone,10.527096
27,MN,27013,Blue Earth,26.260479
27,MN,27015,Brown,4.84667
27,MN,27017,Carlton,17.815597
27,MN,27019,Carver,23.561011
27,MN,27021,Cass,12.734975
27,MN,27023,Chippewa,0.017749
27,MN,27025,Chisago,9.198764
27,MN,27027,Clay,8.677142
27,MN,27029,Clearwater,4.683098
27,MN,27031,Cook,4.049731
27,MN,27033,Cottonwood,18.437887
27,MN,27035,Crow Wing,13.25932
27,MN,27037,Dakota,23.727609
27,MN,27039,Dodge,20.70073
27,MN,27041,Douglas,14.256644
27,MN,27043,Faribault,25.674631
27,MN,27045,Fillmore,23.847726
27,MN,27047,Freeborn,27.017752
27,MN,27049,Goodhue,23.927783
27,MN,27051,Grant,16.794108
27,MN,27053,Hennepin,10.220744
27,MN,27055,Houston,23.015421
27,MN,27057,Hubbard,10.160963
27,MN,27059,Isanti,8.02599
27,MN,27061,Itasca,6.560696
27,MN,27063,Jackson,22.186513
27,MN,27065,Kanabec,8.083245
27,MN,27067,Kandiyohi,13.075324
27,MN,27069,Kittson,9.832558
27,MN,27071,Koochiching,1.758877
27,MN,27073,Lac qui Parle,0.01695
27,MN,27075,Lake,8.024399
27,MN,27077,Lake of the Woods,1.1346
27,MN,27079,Le Sueur,23.673649
27,MN,27081,Lincoln,19.009765
27,MN,27083,Lyon,19.350542
27,MN,27085,McLeod,22.460446
27,MN,27087,Mahnomen,8.788982
27,MN,27089,Marshall,8.41254
27,MN,27091,Martin,25.096468
27,MN,27093,Meeker,16.206112
27,MN,27095,Mille Lacs,10.180878
27,MN,27097,Morrison,19.160829
27,MN,27099,Mower,23.253451
27,MN,27101,Murray,20.974553
27,MN,27103,Nicollet,14.819616
27,MN,27105,Nobles,21.673787
27,MN,27107,Norman,14.254018
27,MN,27109,Olmsted,22.488468
27,MN,27111,Otter Tail,6.558058
27,MN,27113,Pennington,13.993791
27,MN,27115,Pine,18.787469
27,MN,27117,Pipestone,15.487799
27,MN,27119,Polk,6.770355
27,MN,27121,Pope,16.45352
27,MN,27123,Ramsey,25.222695
27,MN,27125,Red Lake,7.733827
27,MN,27127,Redwood,13.83472
27,MN,27129,Renville,0.026917
27,MN,27131,Rice,22.656753
27,MN,27133,Rock,16.613942
27,MN,27135,Roseau,6.750543
27,MN,27137,St. Louis,8.943687
27,MN,27139,Scott,23.561011
27,MN,27141,Sherburne,18.783919
27,MN,27143,Sibley,24.138807
27,MN,27145,Stearns,19.763857
27,MN,27147,Steele,27.115427
27,MN,27149,Stevens,11.787841
27,MN,27151,Swift,14.516137
27,MN,27153,Todd,17.263297
27,MN,27155,Traverse,10.272057
27,MN,27157,Wabasha,24.437486
27,MN,27159,Wadena,19.505496
27,MN,27161,Waseca,26.672096
27,MN,27163,Washington,20.367792
27,MN,27165,Watonwan,24.848666
27,MN,27167,Wilkin,8.414194
27,MN,27169,Winona,22.776615
27,MN,27171,Wright,8.555552
27,MN,27173,Yellow Medicine,16.942363
28,MS,28001,Adams,29.771927
28,MS,28003,Alcorn,29.065942
28,MS,28005,Amite,30.53946
28,MS,28007,Attala,29.407688
28,MS,28009,Benton,28.594784
28,MS,28011,Bolivar,27.830876
28,MS,28013,Calhoun,28.18549
28,MS,28015,Carroll,29.212581
28,MS,28017,Chickasaw,14.858359
28,MS,28019,Choctaw,27.293658
28,MS,28021,Claiborne,29.08221
28,MS,28023,Clarke,26.48753
28,MS,28025,Clay,16.289179
28,MS,28027,Coahoma,28.27934
28,MS,28029,Copiah,27.570733
28,MS,28031,Covington,29.144389
28,MS,28033,DeSoto,29.211334
28,MS,28035,Forrest,29.121207
28,MS,28037,Franklin,30.30366
28,MS,28039,George,27.559339
28,MS,28041,Greene,28.74312
28,MS,28043,Grenada,27.943912
28,MS,28045,Hancock,29.215398
28,MS,28047,Harrison,28.005768
28,MS,28049,Hinds,29.440332
28,MS,28051,Holmes,28.974115
28,MS,28053,Humphreys,27.482006
28,MS,28055,Issaquena,28.593858
28,MS,28057,Itawamba,19.911597
28,MS,28059,Jackson,29.285862
28,MS,28061,Jasper,23.185115
28,MS,28063,Jefferson,30.319413
28,MS,28065,Jefferson Davis,29.144389
28,MS,28067,Jones,29.123464
28,MS,28069,Kemper,28.076291
28,MS,28071,Lafayette,29.160751
28,MS,28073,Lamar,29.373024
28,MS,28075,Lauderdale,25.297509
28,MS,28077,Lawrence,29.859072
28,MS,28079,Leake,21.899381
28,MS,28081,Lee,17.603781
28,MS,28083,Leflore,28.451815
28,MS,28085,Lincoln,30.021559
28,MS,28087,Lowndes,19.835283
28,MS,28089,Madison,29.255497
28,MS,28091,Marion,29.846412
28,MS,28093,Marshall,29.838951
28,MS,28095,Monroe,19.377799
28,MS,28097,Montgomery,29.133253
28,MS,28099,Neshoba,24.549272
28,MS,28101,Newton,29.150252
28,MS,28103,Noxubee,18.710557
28,MS,28105,Oktibbeha,24.962212
28,MS,28107,Panola,29.014453
28,MS,28109,Pearl River,28.635232
28,MS,28111,Perry,29.009308
28,MS,28113,Pike,30.301186
28,MS,28115,Pontotoc,26.389596
28,MS,28117,Prentiss,22.606377
28,MS,28119,Quitman,27.914973
28,MS,28121,Rankin,28.736295
28,MS,28123,Scott,23.072951
28,MS,28125,Sharkey,28.046693
28,MS,28127,Simpson,29.456254
28,MS,28129,Smith,26.202178
28,MS,28131,Stone,27.376552
28,MS,28133,Sunflower,27.936029
28,MS,28135,Tallahatchie,28.536742
28,MS,28137,Tate,29.265802
28,MS,28139,Tippah,28.578081
28,MS,28141,Tishomingo,26.220734
28,MS,28143,Tunica,14.874546
28,MS,28145,Union,26.513072
28,MS,28147,Walthall,29.600221
28,MS,28149,Warren,29.48348
28,MS,28151,Washington,27.568351
28,MS,28153,Wayne,29.18157
28,MS,28155,Webster,27.940065
28,MS,28157,Wilkinson,30.266684
28,MS,28159,Winston,27.86408
28,MS,28161,Yalobusha,28.523408
28,MS,28163,Yazoo,29.072194
29,MO,29001,Adair,26.772504
29,MO,29003,Andrew,22.54256
29,MO,29005,Atchison,20.671354
29,MO,29007,Audrain,28.999887
29,MO,29009,Barry,20.95156
29,MO,29011,Barton,25.084436
29,MO,29013,Bates,24.769166
29,MO,29015,Benton,22.029223
29,MO,29017,Bollinger,21.771844
29,MO,29019,Boone,25.652585
29,MO,29021,Buchanan,21.449795
29,MO,29023,Butler,18.17807
29,MO,29025,Caldwell,24.083456
29,MO,29027,Callaway,19.283823
29,MO,29029,Camden,22.853043
29,MO,29031,Cape Girardeau,21.117367
29,MO,29033,Carroll,25.933078
29,MO,29035,Carter,20.984772
29,MO,29037,Cass,24.848382
29,MO,29039,Cedar,23.468592
29,MO,29041,Chariton,25.411151
29,MO,29043,Christian,22.595943
29,MO,29045,Clark,25.133965
29,MO,29047,Clay,23.01741
29,MO,29049,Clinton,22.989031
29,MO,29051,Cole,18.498947
29,MO,29053,Cooper,17.152705
29,MO,29055,Crawford,22.071626
29,MO,29057,Dade,22.371555
29,MO,29059,Dallas,22.74652
29,MO,29061,Daviess,24.935607
29,MO,29063,DeKalb,27.836793
29,MO,29065,Dent,22.02487
29,MO,29067,Douglas,19.469124
29,MO,29069,Dunklin,15.525115
29,MO,29071,Franklin,21.339229
29,MO,29073,Gasconade,23.725655
29,MO,29075,Gentry,26.004007
29,MO,29077,Greene,21.72586
29,MO,29079,Grundy,24.267804
29,MO,29081,Harrison,24.498086
29,MO,29083,Henry,24.417863
29,MO,29085,Hickory,19.654781
29,MO,29087,Holt,23.173434
29,MO,29089,Howard,20.492248
29,MO,29091,Howell,17.03564
29,MO,29093,Iron,21.762204
29,MO,29095,Jackson,22.073877
29,MO,29097,Jasper,24.183159
29,MO,29099,Jefferson,22.401876
29,MO,29101,Johnson,22.49464
29,MO,29103,Knox,24.93457
29,MO,29105,Laclede,21.304812
29,MO,29107,Lafayette,26.152135
29,MO,29109,Lawrence,19.746618
29,MO,29111,Lewis,24.138202
29,MO,29113,Lincoln,24.731992
29,MO,29115,Linn,27.296855
29,MO,29117,Livingston,23.885657
29,MO,29119,McDonald,19.680531
29,MO,29121,Macon,24.988956
29,MO,29123,Madison,23.437187
29,MO,29125,Maries,22.314157
29,MO,29127,Marion,21.475467
29,MO,29129,Mercer,24.895287
29,MO,29131,Miller,21.503207
29,MO,29133,Mississippi,29.844314
29,MO,29135,Moniteau,18.498947
29,MO,29137,Monroe,25.311394
29,MO,29139,Montgomery,22.670283
29,MO,29141,Morgan,14.133191
29,MO,29143,New Madrid,28.925584
29,MO,29145,Newton,21.811147
29,MO,29147,Nodaway,25.924385
29,MO,29149,Oregon,16.923651
29,MO,29151,Osage,20.879284
29,MO,29153,Ozark,18.55874
29,MO,29155,Pemiscot,28.903797
29,MO,29157,Perry,19.672585
29,MO,29159,Pettis,20.198179
29,MO,29161,Phelps,22.785475
29,MO,29163,Pike,20.706658
29,MO,29165,Platte,21.455884
29,MO,29167,Polk,22.865296
29,MO,29169,Pulaski,20.479448
29,MO,29171,Putnam,24.981003
29,MO,29173,Ralls,20.427496
29,MO,29175,Randolph,25.739087
29,MO,29177,Ray,23.490075
29,MO,29179,Reynolds,21.221584
29,MO,29181,Ripley,19.941333
29,MO,29183,St. Charles,24.699804
29,MO,29185,St. Clair,25.037855
29,MO,29186,Ste. Genevieve,22.275829
29,MO,29187,St. Francois,21.867111
29,MO,29189,St. Louis,28.479801
29,MO,29195,Saline,23.120183
29,MO,29197,Schuyler,28.171531
29,MO,29199,Scotland,28.089376
29,MO,29201,Scott,21.577777
29,MO,29203,Shannon,20.385724
29,MO,29205,Shelby,25.15588
29,MO,29207,Stoddard,18.605953
29,MO,29209,Stone,19.22213
29,MO,29211,Sullivan,24.512115
29,MO,29213,Taney,20.798819
29,MO,29215,Texas,20.11154
29,MO,29217,Vernon,25.478083
29,MO,29219,Warren,20.432827
29,MO,29221,Washington,22.446407
29,MO,29223,Wayne,21.059263
29,MO,29225,Webster,20.250264
29,MO,29227,Worth,26.043565
29,MO,29229,Wright,20.501953
29,MO,29510,St. Louis,28.621289
30,MT,30001,Beaverhead,0.033495
30,MT,30003,Big Horn,0.254596
30,MT,30005,Blaine,0.239316
30,MT,30007,Broadwater,0.042572
30,MT,30009,Carbon,0.035432
30,MT,30011,Carter,0.128661
30,MT,30013,Cascade,0.377839
30,MT,30015,Chouteau,0.604399
30,MT,30017,Custer,0.195571
30,MT,30019,Daniels,0.040356
30,MT,30021,Dawson,0.025398
30,MT,30023,Deer Lodge,0.185853
30,MT,30025,Fallon,0.105759
30,MT,30027,Fergus,0.551908
30,MT,30029,Flathead,0.097588
30,MT,30031,Gallatin,0.076579
30,MT,30033,Garfield,0.149743
30,MT,30035,Glacier,0.199094
30,MT,30037,Golden Valley,0.145077
30,MT,30039,Granite,0.029904
30,MT,30041,Hill,0.188938
30,MT,30043,Jefferson,0.117314
30,MT,30045,Judith Basin,0.257858
30,MT,30047,Lake,2.193063
30,MT,30049,Lewis and Clark,0.098295
30,MT,30051,Liberty,0.234978
30,MT,30053,Lincoln,0.245123
30,MT,30055,McCone,0.030417
30,MT,30057,Madison,0.034625
30,MT,30059,Meagher,0.164353
30,MT,30061,Mineral,0.554243
30,MT,30063,Missoula,0.176172
30,MT,30065,Musselshell,0.081605
30,MT,30067,Park,0.161957
30,MT,30069,Petroleum,0.06694
30,MT,30071,Phillips,0.188967
30,MT,30073,Pondera,0.034914
30,MT,30075,Powder River,0.529828
30,MT,30077,Powell,0.017613
30,MT,30079,Prairie,0.202148
30,MT,30081,Ravalli,0.102525
30,MT,30083,Richland,0.016655
30,MT,30085,Roosevelt,0.234844
30,MT,30087,Rosebud,0.10451
30,MT,30089,Sanders,0.638796
30,MT,30091,Sheridan,0.021765
30,MT,30093,Silver Bow,0.143123
30,MT,30095,Stillwater,0.169016
30,MT,30097,Sweet Grass,0.16267
30,MT,30099,Teton,0.294557
30,MT,30101,Toole,0.28732
30,MT,30103,Treasure,0.296655
30,MT,30105,Valley,0.074398
30,MT,30107,Wheatland,0.15896
30,MT,30109,Wibaux,0.034133
30,MT,30111,Yellowstone,0.123766
31,NE,31001,Adams,17.712403
31,NE,31003,Antelope,17.411954
31,NE,31005,Arthur,5.061828
31,NE,31007,Banner,0.206702
31,NE,31009,Blaine,16.82268
31,NE,31011,Boone,21.678621
31,NE,31013,Box Butte,3.779603
31,NE,31015,Boyd,4.505922
31,NE,31017,Brown,7.172875
31,NE,31019,Buffalo,15.491709
31,NE,31021,Burt,24.111446
31,NE,31023,Butler,22.187522
31,NE,31025,Cass,23.85446
31,NE,31027,Cedar,14.917695
31,NE,31029,Chase,2.453641
31,NE,31031,Cherry,7.631689
31,NE,31033,Cheyenne,0.981355
31,NE,31035,Clay,18.992629
31,NE,31037,Colfax,20.289753
31,NE,31039,Cuming,20.872401
31,NE,31041,Custer,12.375724
31,NE,31043,Dakota,20.356759
31,NE,31045,Dawes,1.259154
31,NE,31047,Dawson,11.045759
31,NE,31049,Deuel,2.681779
31,NE,31051,Dixon,18.438112
31,NE,31053,Dodge,24.329429
31,NE,31055,Douglas,22.664277
31,NE,31057,Dundy,7.80355
31,NE,31059,Fillmore,23.750606
31,NE,31061,Franklin,12.539091
31,NE,31063,Frontier,8.855404
31,NE,31065,Furnas,13.227403
31,NE,31067,Gage,21.598768
31,NE,31069,Garden,11.5792
31,NE,31071,Garfield,17.23928
31,NE,31073,Gosper,13.115128
31,NE,31075,Grant,8.063057
31,NE,31077,Greeley,17.828592
31,NE,31079,Hall,18.238541
31,NE,31081,Hamilton,17.520524
31,NE,31083,Harlan,13.86145
31,NE,31085,Hayes,7.029145
31,NE,31087,Hitchcock,7.959316
31,NE,31089,Holt,10.358347
31,NE,31091,Hooker,11.302542
31,NE,31093,Howard,17.733833
31,NE,31095,Jefferson,19.132641
31,NE,31097,Johnson,25.396383
31,NE,31099,Kearney,18.179683
31,NE,31101,Keith,3.505836
31,NE,31103,Keya Paha,5.008974
31,NE,31105,Kimball,0.299039
31,NE,31107,Knox,12.688639
31,NE,31109,Lancaster,23.447951
31,NE,31111,Lincoln,6.986716
31,NE,31113,Logan,11.59484
31,NE,31115,Loup,21.163681
31,NE,31117,McPherson,9.235974
31,NE,31119,Madison,21.070768
31,NE,31121,Merrick,23.796327
31,NE,31123,Morrill,1.329698
31,NE,31125,Nance,22.968952
31,NE,31127,Nemaha,26.801929
31,NE,31129,Nuckolls,17.362534
31,NE,31131,Otoe,26.190854
31,NE,31133,Pawnee,14.916366
31,NE,31135,Perkins,3.333769
31,NE,31137,Phelps,12.879474
31,NE,31139,Pierce,21.05366
31,NE,31141,Platte,20.638857
31,NE,31143,Polk,20.188047
31,NE,31145,Red Willow,9.798603
31,NE,31147,Richardson,14.632797
31,NE,31149,Rock,12.100272
31,NE,31151,Saline,23.992822
31,NE,31153,Sarpy,22.664277
31,NE,31155,Saunders,23.508257
31,NE,31157,Scotts Bluff,0.026301
31,NE,31159,Seward,23.587001
31,NE,31161,Sheridan,8.281421
31,NE,31163,Sherman,14.486687
31,NE,31165,Sioux,0.538664
31,NE,31167,Stanton,20.90735
31,NE,31169,Thayer,22.532458
31,NE,31171,Thomas,11.695266
31,NE,31173,Thurston,21.706191
31,NE,31175,Valley,9.744036
31,NE,31177,Washington,23.904283
31,NE,31179,Wayne,18.976604
31,NE,31181,Webster,12.97902
31,NE,31183,Wheeler,17.492094
31,NE,31185,York,23.928888
32,NV,32001,Churchill,0.020425
32,NV,32003,Clark,0.018867
32,NV,32005,Douglas,0.014626
32,NV,32007,Elko,0.028977
32,NV,32009,Esmeralda,0.017219
32,NV,32011,Eureka,0.027849
32,NV,32013,Humboldt,0.027929
32,NV,32015,Lander,0.026567
32,NV,32017,Lincoln,0.019515
32,NV,32019,Lyon,0.016783
32,NV,32021,Mineral,0.016203
32,NV,32023,Nye,0.017107
32,NV,32027,Pershing,0.027455
32,NV,32029,Storey,0.016023
32,NV,32031,Washoe,0.042537
32,NV,32033,White Pine,0.015818
32,NV,32510,Carson City,0.015256
33,NH,33001,Belknap,10.161837
33,NH,33003,Carroll,13.605053
33,NH,33005,Cheshire,15.463274
33,NH,33007,Coos,11.306813
33,NH,33009,Grafton,11.723212
33,NH,33011,Hillsborough,14.147643
33,NH,33013,Merrimack,12.385427
33,NH,33015,Rockingham,16.651752
33,NH,33017,Strafford,12.770822
33,NH,33019,Sullivan,5.989663
34,NJ,34001,Atlantic,2.50039
34,NJ,34003,Bergen,11.414952
34,NJ,34005,Burlington,13.520082
34,NJ,34007,Camden,2.84653
34,NJ,34009,Cape May,2.50039
34,NJ,34011,Cumberland,1.211799
34,NJ,34013,Essex,16.590378
34,NJ,34015,Gloucester,20.251384
34,NJ,34017,Hudson,16.590378
34,NJ,34019,Hunterdon,26.581358
34,NJ,34021,Mercer,26.581358
34,NJ,34023,Middlesex,19.123563
34,NJ,34025,Monmouth,3.033961
34,NJ,34027,Morris,19.858435
34,NJ,34029,Ocean,2.214174
34,NJ,34031,Passaic,18.297647
34,NJ,34033,Salem,8.516444
34,NJ,34035,Somerset,26.071674
34,NJ,34037,Sussex,18.563772
34,NJ,34039,Union,18.049716
34,NJ,34041,Warren,23.314926
35,NM,35001,Bernalillo,0.01894
35,NM,35003,Catron,0.017942
35,NM,35005,Chaves,0.019535
35,NM,35006,Cibola,0.016904
35,NM,35007,Colfax,0.270869
35,NM,35009,Curry,0.555268
35,NM,35011,De Baca,0.021402
35,NM,35013,Doa Ana,0.018616
35,NM,35015,Eddy,0.019138
35,NM,35017,Grant,0.01938
35,NM,35019,Guadalupe,0.019306
35,NM,35021,Harding,0.100412
35,NM,35023,Hidalgo,0.020192
35,NM,35025,Lea,0.101557
35,NM,35027,Lincoln,0.01927
35,NM,35028,Los Alamos,0.01751
35,NM,35029,Luna,0.019006
35,NM,35031,McKinley,0.017069
35,NM,35033,Mora,0.040221
35,NM,35035,Otero,0.018963
35,NM,35037,Quay,0.128776
35,NM,35039,Rio Arriba,0.031352
35,NM,35041,Roosevelt,0.282566
35,NM,35043,Sandoval,0.021048
35,NM,35045,San Juan,0.017834
35,NM,35047,San Miguel,0.03119
35,NM,35049,Santa Fe,0.133299
35,NM,35051,Sierra,0.018614
35,NM,35053,Socorro,0.018199
35,NM,35055,Taos,0.016009
35,NM,35057,Torrance,0.017667
35,NM,35059,Union,0.0236
35,NM,35061,Valencia,0.019198
36,NY,36001,Albany,21.178429
36,NY,36003,Allegany,13.888984
36,NY,36005,Bronx,11.414952
36,NY,36007,Broome,14.391721
36,NY,36009,Cattaraugus,17.748633
36,NY,36011,Cayuga,13.359112
36,NY,36013,Chautauqua,15.854028
36,NY,36015,Chemung,15.257619
36,NY,36017,Chenango,15.58876
36,NY,36019,Clinton,16.930392
36,NY,36021,Columbia,8.72527
36,NY,36023,Cortland,15.735733
36,NY,36025,Delaware,14.72049
36,NY,36027,Dutchess,14.772837
36,NY,36029,Erie,16.413854
36,NY,36031,Essex,11.548792
36,NY,36033,Franklin,13.780336
36,NY,36035,Fulton,17.490103
36,NY,36037,Genesee,18.893218
36,NY,36039,Greene,16.829537
36,NY,36041,Hamilton,11.917797
36,NY,36043,Herkimer,16.633754
36,NY,36045,Jefferson,10.785166
36,NY,36047,Kings,0.843689
36,NY,36049,Lewis,13.341442
36,NY,36051,Livingston,8.865651
36,NY,36053,Madison,14.870855
36,NY,36055,Monroe,13.679273
36,NY,36057,Montgomery,16.798597
36,NY,36059,Nassau,0.843689
36,NY,36061,New York,16.590378
36,NY,36063,Niagara,15.82872
36,NY,36065,Oneida,15.076142
36,NY,36067,Onondaga,9.060629
36,NY,36069,Ontario,1.840284
36,NY,36071,Orange,15.053297
36,NY,36073,Orleans,27.415303
36,NY,36075,Oswego,22.823585
36,NY,36077,Otsego,13.140923
36,NY,36079,Putnam,10.011635
36,NY,36081,Queens,0.843689
36,NY,36083,Rensselaer,17.056691
36,NY,36085,Richmond,18.049716
36,NY,36087,Rockland,11.414952
36,NY,36089,St. Lawrence,16.359952
36,NY,36091,Saratoga,12.542149
36,NY,36093,Schenectady,20.980612
36,NY,36095,Schoharie,16.979523
36,NY,36097,Schuyler,17.487283
36,NY,36099,Seneca,19.634689
36,NY,36101,Steuben,13.0464
36,NY,36103,Suffolk,2.5258
36,NY,36105,Sullivan,17.800336
36,NY,36107,Tioga,15.375524
36,NY,36109,Tompkins,17.141974
36,NY,36111,Ulster,15.898405
36,NY,36113,Warren,15.347052
36,NY,36115,Washington,12.498984
36,NY,36117,Wayne,13.079273
36,NY,36119,Westchester,10.011635
36,NY,36121,Wyoming,16.607085
36,NY,36123,Yates,19.736376
37,NC,37001,Alamance,14.723048
37,NC,37003,Alexander,11.837921
37,NC,37005,Alleghany,27.658107
37,NC,37007,Anson,21.126228
37,NC,37009,Ashe,28.153362
37,NC,37011,Avery,27.246323
37,NC,37013,Beaufort,30.426531
37,NC,37015,Bertie,29.927202
37,NC,37017,Bladen,5.815897
37,NC,37019,Brunswick,19.484154
37,NC,37021,Buncombe,22.963025
37,NC,37023,Burke,17.769341
37,NC,37025,Cabarrus,16.466512
37,NC,37027,Caldwell,24.066855
37,NC,37029,Camden,27.523806
37,NC,37031,Carteret,31.819514
37,NC,37033,Caswell,11.653554
37,NC,37035,Catawba,11.520955
37,NC,37037,Chatham,26.009177
37,NC,37039,Cherokee,28.338573
37,NC,37041,Chowan,29.668023
37,NC,37043,Clay,28.677627
37,NC,37045,Cleveland,12.900423
37,NC,37047,Columbus,17.910011
37,NC,37049,Craven,30.342549
37,NC,37051,Cumberland,3.951624
37,NC,37053,Currituck,27.523806
37,NC,37055,Dare,27.48242
37,NC,37057,Davidson,15.395623
37,NC,37059,Davie,15.558287
37,NC,37061,Duplin,4.839726
37,NC,37063,Durham,22.801646
37,NC,37065,Edgecombe,4.344753
37,NC,37067,Forsyth,20.895236
37,NC,37069,Franklin,10.906874
37,NC,37071,Gaston,9.660862
37,NC,37073,Gates,29.668023
37,NC,37075,Graham,27.578475
37,NC,37077,Granville,22.108488
37,NC,37079,Greene,5.362655
37,NC,37081,Guilford,4.455832
37,NC,37083,Halifax,14.032973
37,NC,37085,Harnett,15.596254
37,NC,37087,Haywood,26.000143
37,NC,37089,Henderson,23.592949
37,NC,37091,Hertford,29.916253
37,NC,37093,Hoke,28.071251
37,NC,37095,Hyde,29.57494
37,NC,37097,Iredell,9.002826
37,NC,37099,Jackson,27.306554
37,NC,37101,Johnston,24.641175
37,NC,37103,Jones,27.387394
37,NC,37105,Lee,27.961396
37,NC,37107,Lenoir,6.729925
37,NC,37109,Lincoln,8.14952
37,NC,37111,McDowell,14.098001
37,NC,37113,Macon,29.33483
37,NC,37115,Madison,19.748685
37,NC,37117,Martin,5.278788
37,NC,37119,Mecklenburg,9.603759
37,NC,37121,Mitchell,28.276833
37,NC,37123,Montgomery,24.16936
37,NC,37125,Moore,22.726948
37,NC,37127,Nash,17.590181
37,NC,37129,New Hanover,1.423505
37,NC,37131,Northampton,4.606457
37,NC,37133,Onslow,29.61485
37,NC,37135,Orange,19.213923
37,NC,37137,Pamlico,30.803091
37,NC,37139,Pasquotank,31.053543
37,NC,37141,Pender,29.800501
37,NC,37143,Perquimans,31.053543
37,NC,37145,Person,17.103504
37,NC,37147,Pitt,5.155793
37,NC,37149,Polk,13.470224
37,NC,37151,Randolph,17.185617
37,NC,37153,Richmond,18.085811
37,NC,37155,Robeson,29.080462
37,NC,37157,Rockingham,17.185361
37,NC,37159,Rowan,15.277467
37,NC,37161,Rutherford,12.670731
37,NC,37163,Sampson,21.373715
37,NC,37165,Scotland,3.526049
37,NC,37167,Stanly,24.210805
37,NC,37169,Stokes,12.957376
37,NC,37171,Surry,19.16446
37,NC,37173,Swain,28.067701
37,NC,37175,Transylvania,25.607368
37,NC,37177,Tyrrell,26.76019
37,NC,37179,Union,22.479647
37,NC,37181,Vance,10.247838
37,NC,37183,Wake,22.197254
37,NC,37185,Warren,22.351856
37,NC,37187,Washington,30.781099
37,NC,37189,Watauga,28.153362
37,NC,37191,Wayne,5.601077
37,NC,37193,Wilkes,19.748308
37,NC,37195,Wilson,4.566562
37,NC,37197,Yadkin,15.558287
37,NC,37199,Yancey,28.276833
38,ND,38001,Adams,0.653695
38,ND,38003,Barnes,2.538737
38,ND,38005,Benson,3.182824
38,ND,38007,Billings,0.017014
38,ND,38009,Bottineau,1.448682
38,ND,38011,Bowman,0.519471
38,ND,38013,Burke,0.558415
38,ND,38015,Burleigh,1.416513
38,ND,38017,Cass,3.273116
38,ND,38019,Cavalier,2.76812
38,ND,38021,Dickey,8.718691
38,ND,38023,Divide,1.075633
38,ND,38025,Dunn,0.130269
38,ND,38027,Eddy,2.646688
38,ND,38029,Emmons,1.3626
38,ND,38031,Foster,3.741073
38,ND,38033,Golden Valley,0.018921
38,ND,38035,Grand Forks,5.4644
38,ND,38037,Grant,0.773098
38,ND,38039,Griggs,1.449418
38,ND,38041,Hettinger,0.882685
38,ND,38043,Kidder,0.600186
38,ND,38045,LaMoure,5.087069
38,ND,38047,Logan,3.368616
38,ND,38049,McHenry,4.120641
38,ND,38051,McIntosh,2.400097
38,ND,38053,McKenzie,0.020275
38,ND,38055,McLean,1.595365
38,ND,38057,Mercer,0.562938
38,ND,38059,Morton,0.991963
38,ND,38061,Mountrail,0.61857
38,ND,38063,Nelson,2.609578
38,ND,38065,Oliver,0.444649
38,ND,38067,Pembina,3.17278
38,ND,38069,Pierce,2.455241
38,ND,38071,Ramsey,3.525091
38,ND,38073,Ransom,5.101624
38,ND,38075,Renville,0.478509
38,ND,38077,Richland,5.644383
38,ND,38079,Rolette,2.108598
38,ND,38081,Sargent,5.292704
38,ND,38083,Sheridan,0.020071
38,ND,38085,Sioux,1.171055
38,ND,38087,Slope,0.448238
38,ND,38089,Stark,0.676972
38,ND,38091,Steele,4.731225
38,ND,38093,Stutsman,2.147076
38,ND,38095,Towner,3.011045
38,ND,38097,Traill,10.772394
38,ND,38099,Walsh,3.673595
38,ND,38101,Ward,1.318925
38,ND,38103,Wells,2.823227
38,ND,38105,Williams,0.205756
39,OH,39001,Adams,26.553652
39,OH,39003,Allen,28.550001
39,OH,39005,Ashland,18.281495
39,OH,39007,Ashtabula,26.065833
39,OH,39009,Athens,25.722009
39,OH,39011,Auglaize,28.796237
39,OH,39013,Belmont,25.314907
39,OH,39015,Brown,28.171323
39,OH,39017,Butler,23.846091
39,OH,39019,Carroll,24.797968
39,OH,39021,Champaign,24.143114
39,OH,39023,Clark,28.965699
39,OH,39025,Clermont,29.932926
39,OH,39027,Clinton,27.458188
39,OH,39029,Columbiana,18.630082
39,OH,39031,Coshocton,23.003933
39,OH,39033,Crawford,20.457051
39,OH,39035,Cuyahoga,6.327687
39,OH,39037,Darke,28.123163
39,OH,39039,Defiance,27.227513
39,OH,39041,Delaware,28.213311
39,OH,39043,Erie,17.921102
39,OH,39045,Fairfield,25.277358
39,OH,39047,Fayette,28.919644
39,OH,39049,Franklin,16.334095
39,OH,39051,Fulton,27.976022
39,OH,39053,Gallia,24.989829
39,OH,39055,Geauga,9.976255
39,OH,39057,Greene,28.544847
39,OH,39059,Guernsey,25.450263
39,OH,39061,Hamilton,23.763038
39,OH,39063,Hancock,28.136298
39,OH,39065,Hardin,28.985389
39,OH,39067,Harrison,24.797968
39,OH,39069,Henry,26.742037
39,OH,39071,Highland,26.29341
39,OH,39073,Hocking,25.277358
39,OH,39075,Holmes,22.636495
39,OH,39077,Huron,19.302931
39,OH,39079,Jackson,25.955676
39,OH,39081,Jefferson,24.797968
39,OH,39083,Knox,24.36529
39,OH,39085,Lake,25.712018
39,OH,39087,Lawrence,24.73487
39,OH,39089,Licking,17.926556
39,OH,39091,Logan,29.304372
39,OH,39093,Lorain,13.421721
39,OH,39095,Lucas,13.788284
39,OH,39097,Madison,29.073374
39,OH,39099,Mahoning,15.617922
39,OH,39101,Marion,28.545372
39,OH,39103,Medina,15.708424
39,OH,39105,Meigs,25.945913
39,OH,39107,Mercer,28.091819
39,OH,39109,Miami,29.737363
39,OH,39111,Monroe,26.666875
39,OH,39113,Montgomery,29.38213
39,OH,39115,Morgan,24.451242
39,OH,39117,Morrow,20.971461
39,OH,39119,Muskingum,25.630407
39,OH,39121,Noble,25.737535
39,OH,39123,Ottawa,1.165689
39,OH,39125,Paulding,27.528862
39,OH,39127,Perry,26.290116
39,OH,39129,Pickaway,28.420425
39,OH,39131,Pike,26.131242
39,OH,39133,Portage,16.499694
39,OH,39135,Preble,29.19291
39,OH,39137,Putnam,27.020059
39,OH,39139,Richland,19.469671
39,OH,39141,Ross,27.917838
39,OH,39143,Sandusky,22.855484
39,OH,39145,Scioto,26.182344
39,OH,39147,Seneca,17.921102
39,OH,39149,Shelby,27.977076
39,OH,39151,Stark,21.169951
39,OH,39153,Summit,18.806524
39,OH,39155,Trumbull,18.678241
39,OH,39157,Tuscarawas,23.624945
39,OH,39159,Union,29.326922
39,OH,39161,Van Wert,28.137183
39,OH,39163,Vinton,25.803148
39,OH,39165,Warren,26.925944
39,OH,39167,Washington,25.390297
39,OH,39169,Wayne,20.445506
39,OH,39171,Williams,25.823473
39,OH,39173,Wood,27.431609
39,OH,39175,Wyandot,28.545372
40,OK,40001,Adair,27.037499
40,OK,40003,Alfalfa,11.693711
40,OK,40005,Atoka,22.393201
40,OK,40007,Beaver,8.992039
40,OK,40009,Beckham,5.812927
40,OK,40011,Blaine,10.142595
40,OK,40013,Bryan,24.481047
40,OK,40015,Caddo,13.798012
40,OK,40017,Canadian,18.66722
40,OK,40019,Carter,25.766748
40,OK,40021,Cherokee,23.997667
40,OK,40023,Choctaw,24.847524
40,OK,40025,Cimarron,0.018317
40,OK,40027,Cleveland,22.008189
40,OK,40029,Coal,20.63586
40,OK,40031,Comanche,12.843949
40,OK,40033,Cotton,17.729437
40,OK,40035,Craig,20.03442
40,OK,40037,Creek,20.690512
40,OK,40039,Custer,5.889376
40,OK,40041,Delaware,23.985869
40,OK,40043,Dewey,9.671663
40,OK,40045,Ellis,7.642048
40,OK,40047,Garfield,14.680433
40,OK,40049,Garvin,21.296878
40,OK,40051,Grady,20.355584
40,OK,40053,Grant,18.693307
40,OK,40055,Greer,7.09974
40,OK,40057,Harmon,2.109573
40,OK,40059,Harper,5.670163
40,OK,40061,Haskell,22.069389
40,OK,40063,Hughes,20.093792
40,OK,40065,Jackson,8.612854
40,OK,40067,Jefferson,20.815994
40,OK,40069,Johnston,17.711224
40,OK,40071,Kay,22.17849
40,OK,40073,Kingfisher,17.187601
40,OK,40075,Kiowa,5.442545
40,OK,40077,Latimer,23.465496
40,OK,40079,Le Flore,17.566997
40,OK,40081,Lincoln,20.522855
40,OK,40083,Logan,21.293264
40,OK,40085,Love,15.460596
40,OK,40087,McClain,21.827673
40,OK,40089,McCurtain,24.42173
40,OK,40091,McIntosh,19.497734
40,OK,40093,Major,5.2366
40,OK,40095,Marshall,16.443662
40,OK,40097,Mayes,23.270441
40,OK,40099,Murray,18.447894
40,OK,40101,Muskogee,18.27015
40,OK,40103,Noble,17.777301
40,OK,40105,Nowata,19.88867
40,OK,40107,Okfuskee,20.034365
40,OK,40109,Oklahoma,21.044882
40,OK,40111,Okmulgee,20.771111
40,OK,40113,Osage,21.293638
40,OK,40115,Ottawa,21.166679
40,OK,40117,Pawnee,21.099062
40,OK,40119,Payne,19.730243
40,OK,40121,Pittsburg,21.579675
40,OK,40123,Pontotoc,19.460615
40,OK,40125,Pottawatomie,21.936997
40,OK,40127,Pushmataha,22.322607
40,OK,40129,Roger Mills,7.770365
40,OK,40131,Rogers,20.116904
40,OK,40133,Seminole,22.615373
40,OK,40135,Sequoyah,21.978016
40,OK,40137,Stephens,17.477688
40,OK,40139,Texas,1.767387
40,OK,40141,Tillman,19.278813
40,OK,40143,Tulsa,19.488257
40,OK,40145,Wagoner,20.080525
40,OK,40147,Washington,20.139396
40,OK,40149,Washita,9.0854
40,OK,40151,Woods,6.864586
40,OK,40153,Woodward,3.862045
41,OR,41001,Baker,0.192544
41,OR,41003,Benton,23.418379
41,OR,41005,Clackamas,15.069883
41,OR,41007,Clatsop,29.978379
41,OR,41009,Columbia,25.841154
41,OR,41011,Coos,23.703855
41,OR,41013,Crook,0.24822
41,OR,41015,Curry,16.859914
41,OR,41017,Deschutes,0.086266
41,OR,41019,Douglas,12.994373
41,OR,41021,Gilliam,0.246932
41,OR,41023,Grant,0.121756
41,OR,41025,Harney,0.064449
41,OR,41027,Hood River,16.606268
41,OR,41029,Jackson,2.495492
41,OR,41031,Jefferson,0.199293
41,OR,41033,Josephine,7.268783
41,OR,41035,Klamath,0.036133
41,OR,41037,Lake,0.025589
41,OR,41039,Lane,16.990217
41,OR,41041,Lincoln,21.1592
41,OR,41043,Linn,18.52041
41,OR,41045,Malheur,0.060171
41,OR,41047,Marion,14.027468
41,OR,41049,Morrow,0.708406
41,OR,41051,Multnomah,28.110422
41,OR,41053,Polk,20.797305
41,OR,41055,Sherman,0.310596
41,OR,41057,Tillamook,29.469771
41,OR,41059,Umatilla,1.322109
41,OR,41061,Union,1.96141
41,OR,41063,Wallowa,1.853898
41,OR,41065,Wasco,0.912619
41,OR,41067,Washington,21.29697
41,OR,41069,Wheeler,0.407197
41,OR,41071,Yamhill,23.626026
42,PA,42001,Adams,25.683053
42,PA,42003,Allegheny,22.717433
42,PA,42005,Armstrong,21.424986
42,PA,42007,Beaver,22.518885
42,PA,42009,Bedford,21.49466
42,PA,42011,Berks,25.345289
42,PA,42013,Blair,22.818915
42,PA,42015,Bradford,16.46815
42,PA,42017,Bucks,28.067778
42,PA,42019,Butler,24.399377
42,PA,42021,Cambria,23.456126
42,PA,42023,Cameron,20.799049
42,PA,42025,Carbon,21.88024
42,PA,42027,Centre,21.352457
42,PA,42029,Chester,28.35526
42,PA,42031,Clarion,22.981079
42,PA,42033,Clearfield,21.656151
42,PA,42035,Clinton,20.357108
42,PA,42037,Columbia,18.161404
42,PA,42039,Crawford,26.531044
42,PA,42041,Cumberland,25.936457
42,PA,42043,Dauphin,21.466072
42,PA,42045,Delaware,27.510192
42,PA,42047,Elk,21.24822
42,PA,42049,Erie,17.43783
42,PA,42051,Fayette,26.177949
42,PA,42053,Forest,20.78797
42,PA,42055,Franklin,26.220002
42,PA,42057,Fulton,23.071294
42,PA,42059,Greene,26.345085
42,PA,42061,Huntingdon,23.729195
42,PA,42063,Indiana,23.209344
42,PA,42065,Jefferson,22.052419
42,PA,42067,Juniata,23.811477
42,PA,42069,Lackawanna,16.948512
42,PA,42071,Lancaster,27.629601
42,PA,42073,Lawrence,8.924161
42,PA,42075,Lebanon,26.966773
42,PA,42077,Lehigh,27.14481
42,PA,42079,Luzerne,18.829307
42,PA,42081,Lycoming,20.528898
42,PA,42083,McKean,18.078533
42,PA,42085,Mercer,23.847656
42,PA,42087,Mifflin,23.167718
42,PA,42089,Monroe,21.19375
42,PA,42091,Montgomery,27.763691
42,PA,42093,Montour,19.495629
42,PA,42095,Northampton,21.324152
42,PA,42097,Northumberland,22.141748
42,PA,42099,Perry,22.015377
42,PA,42101,Philadelphia,26.061684
42,PA,42103,Pike,19.054463
42,PA,42105,Potter,16.886413
42,PA,42107,Schuylkill,23.473096
42,PA,42109,Snyder,21.859307
42,PA,42111,Somerset,24.641915
42,PA,42113,Sullivan,16.731068
42,PA,42115,Susquehanna,16.752348
42,PA,42117,Tioga,17.150207
42,PA,42119,Union,19.975628
42,PA,42121,Venango,22.029738
42,PA,42123,Warren,21.069894
42,PA,42125,Washington,23.507715
42,PA,42127,Wayne,18.442591
42,PA,42129,Westmoreland,24.402857
42,PA,42131,Wyoming,16.157482
42,PA,42133,York,25.242612
44,RI,44001,Bristol,12.971766
44,RI,44003,Kent,12.971766
44,RI,44005,Newport,4.017674
44,RI,44007,Providence,17.650952
44,RI,44009,Washington,15.850016
45,SC,45001,Abbeville,14.260789
45,SC,45003,Aiken,23.780989
45,SC,45005,Allendale,21.43154
45,SC,45007,Anderson,20.068732
45,SC,45009,Bamberg,23.389068
45,SC,45011,Barnwell,22.492818
45,SC,45013,Beaufort,22.679621
45,SC,45015,Berkeley,27.238085
45,SC,45017,Calhoun,26.118513
45,SC,45019,Charleston,25.169084
45,SC,45021,Cherokee,18.199707
45,SC,45023,Chester,13.711408
45,SC,45025,Chesterfield,22.234172
45,SC,45027,Clarendon,28.735475
45,SC,45029,Colleton,27.587211
45,SC,45031,Darlington,27.862428
45,SC,45033,Dillon,28.324089
45,SC,45035,Dorchester,26.764474
45,SC,45037,Edgefield,18.903001
45,SC,45039,Fairfield,15.32754
45,SC,45041,Florence,28.470457
45,SC,45043,Georgetown,30.40508
45,SC,45045,Greenville,20.076732
45,SC,45047,Greenwood,10.225415
45,SC,45049,Hampton,21.17245
45,SC,45051,Horry,13.994888
45,SC,45053,Jasper,23.725683
45,SC,45055,Kershaw,16.785557
45,SC,45057,Lancaster,10.032344
45,SC,45059,Laurens,13.288791
45,SC,45061,Lee,25.244584
45,SC,45063,Lexington,23.416861
45,SC,45065,McCormick,16.826546
45,SC,45067,Marion,29.060409
45,SC,45069,Marlboro,28.324089
45,SC,45071,Newberry,8.901164
45,SC,45073,Oconee,16.832744
45,SC,45075,Orangeburg,27.266439
45,SC,45077,Pickens,16.090772
45,SC,45079,Richland,24.51726
45,SC,45081,Saluda,16.467323
45,SC,45083,Spartanburg,15.349262
45,SC,45085,Sumter,24.732126
45,SC,45087,Union,12.6614
45,SC,45089,Williamsburg,29.476358
45,SC,45091,York,8.889358
46,SD,46003,Aurora,11.800081
46,SD,46005,Beadle,9.220974
46,SD,46007,Bennett,4.100896
46,SD,46009,Bon Homme,11.010094
46,SD,46011,Brookings,11.647657
46,SD,46013,Brown,8.091004
46,SD,46015,Brule,2.309989
46,SD,46017,Buffalo,5.130947
46,SD,46019,Butte,1.415417
46,SD,46021,Campbell,1.859436
46,SD,46023,Charles Mix,8.439651
46,SD,46025,Clark,8.077426
46,SD,46027,Clay,18.962819
46,SD,46029,Codington,6.583841
46,SD,46031,Corson,1.696154
46,SD,46033,Custer,1.045151
46,SD,46035,Davison,16.475819
46,SD,46037,Day,7.855137
46,SD,46039,Deuel,9.066523
46,SD,46041,Dewey,3.027017
46,SD,46043,Douglas,14.387691
46,SD,46045,Edmunds,6.504674
46,SD,46047,Fall River,1.285972
46,SD,46049,Faulk,6.688101
46,SD,46051,Grant,9.319554
46,SD,46053,Gregory,8.746484
46,SD,46055,Haakon,5.33253
46,SD,46057,Hamlin,10.161289
46,SD,46059,Hand,8.815752
46,SD,46061,Hanson,16.005865
46,SD,46063,Harding,1.264983
46,SD,46065,Hughes,6.571505
46,SD,46067,Hutchinson,12.340726
46,SD,46069,Hyde,9.269729
46,SD,46071,Jackson,3.631452
46,SD,46073,Jerauld,8.663563
46,SD,46075,Jones,3.549803
46,SD,46077,Kingsbury,9.987106
46,SD,46079,Lake,13.616072
46,SD,46081,Lawrence,0.039653
46,SD,46083,Lincoln,17.439563
46,SD,46085,Lyman,3.525928
46,SD,46087,McCook,15.61195
46,SD,46089,McPherson,3.908951
46,SD,46091,Marshall,8.311821
46,SD,46093,Meade,1.618025
46,SD,46095,Mellette,4.477041
46,SD,46097,Miner,11.052858
46,SD,46099,Minnehaha,16.363147
46,SD,46101,Moody,14.62697
46,SD,46103,Pennington,1.43
46,SD,46105,Perkins,1.37477
46,SD,46107,Potter,4.208594
46,SD,46109,Roberts,8.946662
46,SD,46111,Sanborn,14.024623
46,SD,46113,Shannon,1.141448
46,SD,46115,Spink,8.273123
46,SD,46117,Stanley,4.119224
46,SD,46119,Sully,4.393033
46,SD,46121,Todd,4.288202
46,SD,46123,Tripp,6.619105
46,SD,46125,Turner,16.982616
46,SD,46127,Union,18.50739
46,SD,46129,Walworth,2.275331
46,SD,46135,Yankton,15.64752
46,SD,46137,Ziebach,2.97961
47,TN,47001,Anderson,27.12404
47,TN,47003,Bedford,19.653541
47,TN,47005,Benton,23.122955
47,TN,47007,Bledsoe,23.834658
47,TN,47009,Blount,24.496852
47,TN,47011,Bradley,24.301492
47,TN,47013,Campbell,28.124341
47,TN,47015,Cannon,22.401063
47,TN,47017,Carroll,30.11576
47,TN,47019,Carter,26.217728
47,TN,47021,Cheatham,22.140096
47,TN,47023,Chester,29.75798
47,TN,47025,Claiborne,23.61654
47,TN,47027,Clay,22.447848
47,TN,47029,Cocke,26.937923
47,TN,47031,Coffee,24.037642
47,TN,47033,Crockett,29.561361
47,TN,47035,Cumberland,25.83126
47,TN,47037,Davidson,20.656724
47,TN,47039,Decatur,29.349364
47,TN,47041,DeKalb,25.451181
47,TN,47043,Dickson,26.040167
47,TN,47045,Dyer,29.356341
47,TN,47047,Fayette,29.459678
47,TN,47049,Fentress,25.167223
47,TN,47051,Franklin,27.30346
47,TN,47053,Gibson,29.884782
47,TN,47055,Giles,21.05067
47,TN,47057,Grainger,22.319292
47,TN,47059,Greene,15.693063
47,TN,47061,Grundy,24.921664
47,TN,47063,Hamblen,21.451637
47,TN,47065,Hamilton,23.810686
47,TN,47067,Hancock,23.61654
47,TN,47069,Hardeman,28.472283
47,TN,47071,Hardin,26.01234
47,TN,47073,Hawkins,21.642738
47,TN,47075,Haywood,29.345925
47,TN,47077,Henderson,29.603006
47,TN,47079,Henry,29.453755
47,TN,47081,Hickman,22.026278
47,TN,47083,Houston,27.832395
47,TN,47085,Humphreys,28.920106
47,TN,47087,Jackson,21.6076
47,TN,47089,Jefferson,19.874631
47,TN,47091,Johnson,24.63888
47,TN,47093,Knox,25.691433
47,TN,47095,Lake,28.981328
47,TN,47097,Lauderdale,29.55885
47,TN,47099,Lawrence,23.446503
47,TN,47101,Lewis,24.13531
47,TN,47103,Lincoln,21.233329
47,TN,47105,Loudon,22.961099
47,TN,47107,McMinn,22.098596
47,TN,47109,McNairy,23.427963
47,TN,47111,Macon,24.564558
47,TN,47113,Madison,29.980822
47,TN,47115,Marion,24.275762
47,TN,47117,Marshall,22.568082
47,TN,47119,Maury,21.953911
47,TN,47121,Meigs,22.666879
47,TN,47123,Monroe,22.912887
47,TN,47125,Montgomery,13.925132
47,TN,47127,Moore,21.233329
47,TN,47129,Morgan,26.486906
47,TN,47131,Obion,29.444941
47,TN,47133,Overton,25.594114
47,TN,47135,Perry,25.757971
47,TN,47137,Pickett,26.177813
47,TN,47139,Polk,21.999053
47,TN,47141,Putnam,24.093437
47,TN,47143,Rhea,24.05542
47,TN,47145,Roane,24.074801
47,TN,47147,Robertson,25.055693
47,TN,47149,Rutherford,20.198308
47,TN,47151,Scott,26.870334
47,TN,47153,Sequatchie,24.048926
47,TN,47155,Sevier,16.230846
47,TN,47157,Shelby,29.136675
47,TN,47159,Smith,21.240838
47,TN,47161,Stewart,29.764303
47,TN,47163,Sullivan,20.32815
47,TN,47165,Sumner,25.214393
47,TN,47167,Tipton,29.109945
47,TN,47169,Trousdale,21.240838
47,TN,47171,Unicoi,27.215598
47,TN,47173,Union,25.402602
47,TN,47175,Van Buren,23.846592
47,TN,47177,Warren,23.123828
47,TN,47179,Washington,21.783458
47,TN,47181,Wayne,29.553201
47,TN,47183,Weakley,29.838353
47,TN,47185,White,24.690138
47,TN,47187,Williamson,23.733249
47,TN,47189,Wilson,21.931114
48,TX,48001,Anderson,23.529903
48,TX,48003,Andrews,0.326247
48,TX,48005,Angelina,26.1846
48,TX,48007,Aransas,7.755278
48,TX,48009,Archer,8.643363
48,TX,48011,Armstrong,5.78259
48,TX,48013,Atascosa,9.219151
48,TX,48015,Austin,18.983637
48,TX,48017,Bailey,1.899746
48,TX,48019,Bandera,5.276408
48,TX,48021,Bastrop,14.90614
48,TX,48023,Baylor,6.118169
48,TX,48025,Bee,7.479418
48,TX,48027,Bell,9.951563
48,TX,48029,Bexar,6.756207
48,TX,48031,Blanco,8.289538
48,TX,48033,Borden,5.886909
48,TX,48035,Bosque,8.011684
48,TX,48037,Bowie,27.152609
48,TX,48039,Brazoria,29.938676
48,TX,48041,Brazos,20.909594
48,TX,48043,Brewster,0.019302
48,TX,48045,Briscoe,0.715245
48,TX,48047,Brooks,9.267455
48,TX,48049,Brown,4.400473
48,TX,48051,Burleson,19.429776
48,TX,48053,Burnet,3.450687
48,TX,48055,Caldwell,11.325319
48,TX,48057,Calhoun,26.748707
48,TX,48059,Callahan,1.675536
48,TX,48061,Cameron,13.204993
48,TX,48063,Camp,26.385798
48,TX,48065,Carson,9.285429
48,TX,48067,Cass,18.988056
48,TX,48069,Castro,3.753986
48,TX,48071,Chambers,30.858166
48,TX,48073,Cherokee,22.519525
48,TX,48075,Childress,4.132874
48,TX,48077,Clay,14.012425
48,TX,48079,Cochran,1.312002
48,TX,48081,Coke,1.420973
48,TX,48083,Coleman,3.4624
48,TX,48085,Collin,19.420103
48,TX,48087,Collingsworth,1.131412
48,TX,48089,Colorado,19.230875
48,TX,48091,Comal,4.625909
48,TX,48093,Comanche,13.098796
48,TX,48095,Concho,1.666181
48,TX,48097,Cooke,15.025161
48,TX,48099,Coryell,8.009482
48,TX,48101,Cottle,7.622507
48,TX,48103,Crane,0.02302
48,TX,48105,Crockett,0.028684
48,TX,48107,Crosby,7.716138
48,TX,48109,Culberson,0.02093
48,TX,48111,Dallam,0.289555
48,TX,48113,Dallas,20.04519
48,TX,48115,Dawson,1.072227
48,TX,48117,Deaf Smith,2.466568
48,TX,48119,Delta,20.682586
48,TX,48121,Denton,17.472465
48,TX,48123,DeWitt,7.459219
48,TX,48125,Dickens,1.785222
48,TX,48127,Dimmit,4.459737
48,TX,48129,Donley,7.72028
48,TX,48131,Duval,2.350624
48,TX,48133,Eastland,3.615056
48,TX,48135,Ector,0.130179
48,TX,48137,Edwards,0.125532
48,TX,48139,Ellis,16.511942
48,TX,48141,El Paso,0.027209
48,TX,48143,Erath,5.871985
48,TX,48145,Falls,18.942979
48,TX,48147,Fannin,23.413961
48,TX,48149,Fayette,15.958842
48,TX,48151,Fisher,0.591282
48,TX,48153,Floyd,6.136973
48,TX,48155,Foard,0.903406
48,TX,48157,Fort Bend,28.735589
48,TX,48159,Franklin,26.385798
48,TX,48161,Freestone,21.993237
48,TX,48163,Frio,6.732316
48,TX,48165,Gaines,0.857035
48,TX,48167,Galveston,30.936508
48,TX,48169,Garza,2.944564
48,TX,48171,Gillespie,6.764068
48,TX,48173,Glasscock,0.428757
48,TX,48175,Goliad,6.673269
48,TX,48177,Gonzales,15.367488
48,TX,48179,Gray,11.471242
48,TX,48181,Grayson,20.304687
48,TX,48183,Gregg,26.208828
48,TX,48185,Grimes,19.469541
48,TX,48187,Guadalupe,9.160437
48,TX,48189,Hale,4.850119
48,TX,48191,Hall,1.567764
48,TX,48193,Hamilton,7.514297
48,TX,48195,Hansford,2.697736
48,TX,48197,Hardeman,5.89015
48,TX,48199,Hardin,29.697351
48,TX,48201,Harris,29.214838
48,TX,48203,Harrison,15.10961
48,TX,48205,Hartley,0.770195
48,TX,48207,Haskell,0.620838
48,TX,48209,Hays,5.033283
48,TX,48211,Hemphill,12.938381
48,TX,48213,Henderson,25.186048
48,TX,48215,Hidalgo,5.692992
48,TX,48217,Hill,16.068814
48,TX,48219,Hockley,2.641323
48,TX,48221,Hood,7.234725
48,TX,48223,Hopkins,22.756264
48,TX,48225,Houston,24.323719
48,TX,48227,Howard,1.484977
48,TX,48229,Hudspeth,0.021707
48,TX,48231,Hunt,19.907847
48,TX,48233,Hutchinson,5.082371
48,TX,48235,Irion,0.030103
48,TX,48237,Jack,11.140981
48,TX,48239,Jackson,25.687977
48,TX,48241,Jasper,29.672599
48,TX,48243,Jeff Davis,0.025674
48,TX,48245,Jefferson,30.45097
48,TX,48247,Jim Hogg,3.136261
48,TX,48249,Jim Wells,2.415432
48,TX,48251,Johnson,12.751168
48,TX,48253,Jones,0.465494
48,TX,48255,Karnes,6.838938
48,TX,48257,Kaufman,25.313296
48,TX,48259,Kendall,7.59127
48,TX,48261,Kenedy,11.639775
48,TX,48263,Kent,2.119422
48,TX,48265,Kerr,3.984739
48,TX,48267,Kimble,0.06518
48,TX,48269,King,3.574744
48,TX,48271,Kinney,0.487575
48,TX,48273,Kleberg,13.209384
48,TX,48275,Knox,11.147121
48,TX,48277,Lamar,21.618613
48,TX,48279,Lamb,3.373566
48,TX,48281,Lampasas,4.185945
48,TX,48283,La Salle,3.91474
48,TX,48285,Lavaca,17.241591
48,TX,48287,Lee,15.551424
48,TX,48289,Leon,23.027742
48,TX,48291,Liberty,29.816835
48,TX,48293,Limestone,24.335258
48,TX,48295,Lipscomb,10.54199
48,TX,48297,Live Oak,2.386297
48,TX,48299,Llano,4.731227
48,TX,48301,Loving,0.031762
48,TX,48303,Lubbock,3.655279
48,TX,48305,Lynn,3.600289
48,TX,48307,McCulloch,2.718663
48,TX,48309,McLennan,16.759892
48,TX,48311,McMullen,4.937951
48,TX,48313,Madison,18.505868
48,TX,48315,Marion,3.629106
48,TX,48317,Martin,1.052609
48,TX,48319,Mason,3.785182
48,TX,48321,Matagorda,29.009018
48,TX,48323,Maverick,4.382597
48,TX,48325,Medina,3.689023
48,TX,48327,Menard,0.167404
48,TX,48329,Midland,0.403703
48,TX,48331,Milam,18.877918
48,TX,48333,Mills,5.559264
48,TX,48335,Mitchell,2.809188
48,TX,48337,Montague,15.190594
48,TX,48339,Montgomery,27.981432
48,TX,48341,Moore,0.018435
48,TX,48343,Morris,26.709695
48,TX,48345,Motley,0.032111
48,TX,48347,Nacogdoches,24.883565
48,TX,48349,Navarro,22.497342
48,TX,48351,Newton,28.326999
48,TX,48353,Nolan,1.020227
48,TX,48355,Nueces,11.560103
48,TX,48357,Ochiltree,7.345123
48,TX,48359,Oldham,1.820248
48,TX,48361,Orange,31.200084
48,TX,48363,Palo Pinto,7.349435
48,TX,48365,Panola,27.014153
48,TX,48367,Parker,7.517909
48,TX,48369,Parmer,2.330074
48,TX,48371,Pecos,0.019454
48,TX,48373,Polk,27.921493
48,TX,48375,Potter,0.017942
48,TX,48377,Presidio,0.018871
48,TX,48379,Rains,25.32048
48,TX,48381,Randall,3.361213
48,TX,48383,Reagan,0.026372
48,TX,48385,Real,2.399411
48,TX,48387,Red River,25.18825
48,TX,48389,Reeves,0.018491
48,TX,48391,Refugio,18.959574
48,TX,48393,Roberts,13.147807
48,TX,48395,Robertson,17.621825
48,TX,48397,Rockwall,18.577359
48,TX,48399,Runnels,1.971779
48,TX,48401,Rusk,25.050331
48,TX,48403,Sabine,28.416914
48,TX,48405,San Augustine,26.18042
48,TX,48407,San Jacinto,27.590676
48,TX,48409,San Patricio,9.982964
48,TX,48411,San Saba,5.108355
48,TX,48413,Schleicher,0.247058
48,TX,48415,Scurry,1.584769
48,TX,48417,Shackelford,2.890077
48,TX,48419,Shelby,27.305271
48,TX,48421,Sherman,0.018506
48,TX,48423,Smith,25.459008
48,TX,48425,Somervell,6.297061
48,TX,48427,Starr,1.9581
48,TX,48429,Stephens,6.546807
48,TX,48431,Sterling,0.502482
48,TX,48433,Stonewall,2.291129
48,TX,48435,Sutton,0.234711
48,TX,48437,Swisher,5.250824
48,TX,48439,Tarrant,13.717033
48,TX,48441,Taylor,1.610702
48,TX,48443,Terrell,0.022642
48,TX,48445,Terry,2.060592
48,TX,48447,Throckmorton,1.661746
48,TX,48449,Titus,27.152183
48,TX,48451,Tom Green,0.55112
48,TX,48453,Travis,8.951745
48,TX,48455,Trinity,24.562913
48,TX,48457,Tyler,28.081171
48,TX,48459,Upshur,26.023256
48,TX,48461,Upton,0.043004
48,TX,48463,Uvalde,1.970503
48,TX,48465,Val Verde,0.038429
48,TX,48467,Van Zandt,25.204718
48,TX,48469,Victoria,17.077487
48,TX,48471,Walker,24.324892
48,TX,48473,Waller,26.323307
48,TX,48475,Ward,0.024545
48,TX,48477,Washington,17.493165
48,TX,48479,Webb,2.72401
48,TX,48481,Wharton,27.393391
48,TX,48483,Wheeler,0.018752
48,TX,48485,Wichita,12.073828
48,TX,48487,Wilbarger,2.763928
48,TX,48489,Willacy,5.990115
48,TX,48491,Williamson,13.525406
48,TX,48493,Wilson,14.797154
48,TX,48495,Winkler,0.062347
48,TX,48497,Wise,9.615361
48,TX,48499,Wood,25.722694
48,TX,48501,Yoakum,1.760981
48,TX,48503,Young,9.345939
48,TX,48505,Zapata,2.954195
48,TX,48507,Zavala,4.834928
49,UT,49001,Beaver,0.026378
49,UT,49003,Box Elder,0.423821
49,UT,49005,Cache,0.107417
49,UT,49007,Carbon,0.015882
49,UT,49009,Daggett,0.017064
49,UT,49011,Davis,2.353201
49,UT,49013,Duchesne,0.012883
49,UT,49015,Emery,0.017012
49,UT,49017,Garfield,0.019375
49,UT,49019,Grand,0.020166
49,UT,49021,Iron,0.01745
49,UT,49023,Juab,0.026788
49,UT,49025,Kane,0.01855
49,UT,49027,Millard,0.028107
49,UT,49029,Morgan,0.072797
49,UT,49031,Piute,0.016103
49,UT,49033,Rich,0.103286
49,UT,49035,Salt Lake,0.430404
49,UT,49037,San Juan,0.019004
49,UT,49039,Sanpete,0.023177
49,UT,49041,Sevier,0.018007
49,UT,49043,Summit,0.029668
49,UT,49045,Tooele,0.097232
49,UT,49047,Uintah,0.018808
49,UT,49049,Utah,0.24768
49,UT,49051,Wasatch,0.014741
49,UT,49053,Washington,0.021478
49,UT,49055,Wayne,0.016705
49,UT,49057,Weber,0.049373
50,VT,50001,Addison,12.10253
50,VT,50003,Bennington,18.22803
50,VT,50005,Caledonia,14.606564
50,VT,50007,Chittenden,14.105907
50,VT,50009,Essex,12.9656
50,VT,50011,Franklin,9.292104
50,VT,50013,Grand Isle,20.837223
50,VT,50015,Lamoille,13.51971
50,VT,50017,Orange,14.949662
50,VT,50019,Orleans,15.733352
50,VT,50021,Rutland,9.770829
50,VT,50023,Washington,14.852729
50,VT,50025,Windham,15.643644
50,VT,50027,Windsor,15.817224
51,VA,51001,Accomack,31.420176
51,VA,51003,Albemarle,24.200108
51,VA,51005,Alleghany,18.741675
51,VA,51007,Amelia,19.444659
51,VA,51009,Amherst,23.205349
51,VA,51011,Appomattox,20.828717
51,VA,51013,Arlington,14.075882
51,VA,51015,Augusta,16.664936
51,VA,51017,Bath,20.635828
51,VA,51019,Bedford,21.846983
51,VA,51021,Bland,21.90292
51,VA,51023,Botetourt,18.835224
51,VA,51025,Brunswick,23.412103
51,VA,51027,Buchanan,23.773394
51,VA,51029,Buckingham,21.768863
51,VA,51031,Campbell,21.022894
51,VA,51033,Caroline,28.773149
51,VA,51035,Carroll,21.753402
51,VA,51036,Charles City,29.053789
51,VA,51037,Charlotte,20.660581
51,VA,51041,Chesterfield,22.108941
51,VA,51043,Clarke,23.38878
51,VA,51045,Craig,21.448533
51,VA,51047,Culpeper,24.896025
51,VA,51049,Cumberland,20.103017
51,VA,51051,Dickenson,24.995393
51,VA,51053,Dinwiddie,22.937113
51,VA,51057,Essex,29.963563
51,VA,51059,Fairfax,26.547733
51,VA,51061,Fauquier,24.482265
51,VA,51063,Floyd,25.286259
51,VA,51065,Fluvanna,22.438842
51,VA,51067,Franklin,21.377321
51,VA,51069,Frederick,20.778701
51,VA,51071,Giles,21.152023
51,VA,51073,Gloucester,31.345168
51,VA,51075,Goochland,19.271699
51,VA,51077,Grayson,22.800756
51,VA,51079,Greene,25.434887
51,VA,51081,Greensville,29.169649
51,VA,51083,Halifax,19.445986
51,VA,51085,Hanover,22.677593
51,VA,51087,Henrico,24.341518
51,VA,51089,Henry,13.968582
51,VA,51091,Highland,22.521435
51,VA,51093,Isle of Wight,30.008189
51,VA,51095,James City,31.29961
51,VA,51097,King and Queen,30.196147
51,VA,51099,King George,28.58033
51,VA,51101,King William,28.444651
51,VA,51103,Lancaster,29.512578
51,VA,51105,Lee,23.517313
51,VA,51107,Loudoun,28.044589
51,VA,51109,Louisa,22.341829
51,VA,51111,Lunenburg,21.97698
51,VA,51113,Madison,26.750983
51,VA,51115,Mathews,31.345168
51,VA,51117,Mecklenburg,23.772317
51,VA,51119,Middlesex,31.345168
51,VA,51121,Montgomery,19.812201
51,VA,51125,Nelson,23.434707
51,VA,51127,New Kent,29.053789
51,VA,51131,Northampton,31.345168
51,VA,51133,Northumberland,29.512578
51,VA,51135,Nottoway,19.61926
51,VA,51137,Orange,22.881454
51,VA,51139,Page,19.621123
51,VA,51141,Patrick,24.366814
51,VA,51143,Pittsylvania,15.182294
51,VA,51145,Powhatan,19.271699
51,VA,51147,Prince Edward,19.065054
51,VA,51149,Prince George,25.037765
51,VA,51153,Prince William,27.221388
51,VA,51155,Pulaski,21.566067
51,VA,51157,Rappahannock,25.477004
51,VA,51159,Richmond,29.512578
51,VA,51161,Roanoke,25.988109
51,VA,51163,Rockbridge,20.655055
51,VA,51165,Rockingham,19.067385
51,VA,51167,Russell,23.583379
51,VA,51169,Scott,21.027251
51,VA,51171,Shenandoah,21.236369
51,VA,51173,Smyth,20.764956
51,VA,51175,Southampton,29.169649
51,VA,51177,Spotsylvania,23.597773
51,VA,51179,Stafford,24.185133
51,VA,51181,Surry,28.438763
51,VA,51183,Sussex,28.8395
51,VA,51185,Tazewell,23.749424
51,VA,51187,Warren,23.214604
51,VA,51191,Washington,23.713272
51,VA,51193,Westmoreland,29.512578
51,VA,51195,Wise,24.801715
51,VA,51197,Wythe,17.673428
51,VA,51199,York,31.29961
51,VA,51510,Alexandria,14.075882
51,VA,51515,Bedford,21.846983
51,VA,51520,Bristol,20.32815
51,VA,51530,Buena Vista,19.064222
51,VA,51540,Charlottesville,25.434887
51,VA,51550,Chesapeake,31.740245
51,VA,51570,Colonial Heights,25.037765
51,VA,51580,Covington,17.619747
51,VA,51590,Danville,11.543222
51,VA,51595,Emporia,25.407048
51,VA,51600,Fairfax,27.221388
51,VA,51610,Falls Church,26.547733
51,VA,51620,Franklin,29.735716
51,VA,51630,Fredericksburg,23.597773
51,VA,51640,Galax,21.753402
51,VA,51650,Hampton,31.740245
51,VA,51660,Harrisonburg,19.621123
51,VA,51670,Hopewell,25.037765
51,VA,51678,Lexington,19.064222
51,VA,51680,Lynchburg,21.940455
51,VA,51683,Manassas,27.221388
51,VA,51685,Manassas Park,27.221388
51,VA,51690,Martinsville,13.968582
51,VA,51700,Newport News,31.29961
51,VA,51710,Norfolk,31.740245
51,VA,51720,Norton,24.801715
51,VA,51730,Petersburg,25.037765
51,VA,51735,Poquoson,31.29961
51,VA,51740,Portsmouth,31.740245
51,VA,51750,Radford,19.812201
51,VA,51760,Richmond,20.544595
51,VA,51770,Roanoke,20.050702
51,VA,51775,Salem,20.050702
51,VA,51790,Staunton,20.555895
51,VA,51800,Suffolk,30.922238
51,VA,51810,Virginia Beach,31.11249
51,VA,51820,Waynesboro,20.252707
51,VA,51830,Williamsburg,31.29961
51,VA,51840,Winchester,20.778701
53,WA,53001,Adams,0.305376
53,WA,53003,Asotin,2.616401
53,WA,53005,Benton,0.306716
53,WA,53007,Chelan,0.069384
53,WA,53009,Clallam,14.452151
53,WA,53011,Clark,19.074968
53,WA,53013,Columbia,0.471444
53,WA,53015,Cowlitz,27.501265
53,WA,53017,Douglas,0.339039
53,WA,53019,Ferry,0.09811
53,WA,53021,Franklin,0.049529
53,WA,53023,Garfield,2.964349
53,WA,53025,Grant,0.070646
53,WA,53027,Grays Harbor,30.82297
53,WA,53029,Island,25.818984
53,WA,53031,Jefferson,11.024505
53,WA,53033,King,16.08921
53,WA,53035,Kitsap,17.963695
53,WA,53037,Kittitas,0.067598
53,WA,53039,Klickitat,0.868338
53,WA,53041,Lewis,21.444645
53,WA,53043,Lincoln,0.160313
53,WA,53045,Mason,14.791394
53,WA,53047,Okanogan,0.087119
53,WA,53049,Pacific,34.00128
53,WA,53051,Pend Oreille,2.802514
53,WA,53053,Pierce,11.972013
53,WA,53055,San Juan,25.426145
53,WA,53057,Skagit,12.025171
53,WA,53059,Skamania,0.993061
53,WA,53061,Snohomish,18.633664
53,WA,53063,Spokane,2.357425
53,WA,53065,Stevens,1.094667
53,WA,53067,Thurston,20.546908
53,WA,53069,Wahkiakum,31.747769
53,WA,53071,Walla Walla,0.837902
53,WA,53073,Whatcom,6.686467
53,WA,53075,Whitman,6.131158
53,WA,53077,Yakima,0.120059
54,WV,54001,Barbour,27.073356
54,WV,54003,Berkeley,21.638641
54,WV,54005,Boone,25.333611
54,WV,54007,Braxton,27.378864
54,WV,54009,Brooke,22.553547
54,WV,54011,Cabell,24.227232
54,WV,54013,Calhoun,26.722045
54,WV,54015,Clay,26.971259
54,WV,54017,Doddridge,26.414838
54,WV,54019,Fayette,25.921541
54,WV,54021,Gilmer,26.55236
54,WV,54023,Grant,22.685054
54,WV,54025,Greenbrier,22.37886
54,WV,54027,Hampshire,21.029726
54,WV,54029,Hancock,22.518885
54,WV,54031,Hardy,20.064481
54,WV,54033,Harrison,28.197201
54,WV,54035,Jackson,25.755087
54,WV,54037,Jefferson,23.38878
54,WV,54039,Kanawha,23.269666
54,WV,54041,Lewis,28.314868
54,WV,54043,Lincoln,24.641085
54,WV,54045,Logan,26.682082
54,WV,54047,McDowell,23.185852
54,WV,54049,Marion,27.186402
54,WV,54051,Marshall,26.666875
54,WV,54053,Mason,24.546215
54,WV,54055,Mercer,22.383772
54,WV,54057,Mineral,20.293661
54,WV,54059,Mingo,25.315064
54,WV,54061,Monongalia,27.186402
54,WV,54063,Monroe,21.971553
54,WV,54065,Morgan,21.638641
54,WV,54067,Nicholas,24.597301
54,WV,54069,Ohio,24.719093
54,WV,54071,Pendleton,21.465782
54,WV,54073,Pleasants,25.787604
54,WV,54075,Pocahontas,20.285319
54,WV,54077,Preston,26.256146
54,WV,54079,Putnam,26.104308
54,WV,54081,Raleigh,24.388859
54,WV,54083,Randolph,23.332217
54,WV,54085,Ritchie,25.46928
54,WV,54087,Roane,26.980077
54,WV,54089,Summers,23.815728
54,WV,54091,Taylor,28.197201
54,WV,54093,Tucker,22.539173
54,WV,54095,Tyler,25.625814
54,WV,54097,Upshur,27.318339
54,WV,54099,Wayne,26.81623
54,WV,54101,Webster,24.853258
54,WV,54103,Wetzel,26.704015
54,WV,54105,Wirt,26.722045
54,WV,54107,Wood,26.248214
54,WV,54109,Wyoming,25.542207
55,WI,55001,Adams,18.463394
55,WI,55003,Ashland,5.92919
55,WI,55005,Barron,21.349542
55,WI,55007,Bayfield,10.471684
55,WI,55009,Brown,19.324044
55,WI,55011,Buffalo,20.897385
55,WI,55013,Burnett,22.312145
55,WI,55015,Calumet,20.21685
55,WI,55017,Chippewa,21.316452
55,WI,55019,Clark,19.633465
55,WI,55021,Columbia,21.736107
55,WI,55023,Crawford,19.758257
55,WI,55025,Dane,18.424491
55,WI,55027,Dodge,20.547557
55,WI,55029,Door,19.324044
55,WI,55031,Douglas,11.518782
55,WI,55033,Dunn,18.671392
55,WI,55035,Eau Claire,20.044397
55,WI,55037,Florence,13.336596
55,WI,55039,Fond du Lac,18.599539
55,WI,55041,Forest,11.586391
55,WI,55043,Grant,22.912699
55,WI,55045,Green,20.674787
55,WI,55047,Green Lake,20.50025
55,WI,55049,Iowa,20.129829
55,WI,55051,Iron,9.529033
55,WI,55053,Jackson,20.898889
55,WI,55055,Jefferson,24.419419
55,WI,55057,Juneau,19.587433
55,WI,55059,Kenosha,27.081084
55,WI,55061,Kewaunee,19.324044
55,WI,55063,La Crosse,19.944751
55,WI,55065,Lafayette,22.88981
55,WI,55067,Langlade,7.48654
55,WI,55069,Lincoln,8.176014
55,WI,55071,Manitowoc,20.170245
55,WI,55073,Marathon,13.00427
55,WI,55075,Marinette,12.716286
55,WI,55077,Marquette,24.605664
55,WI,55078,Menominee,22.265543
55,WI,55079,Milwaukee,22.951844
55,WI,55081,Monroe,20.374544
55,WI,55083,Oconto,16.287482
55,WI,55085,Oneida,5.749764
55,WI,55087,Outagamie,19.755668
55,WI,55089,Ozaukee,22.906027
55,WI,55091,Pepin,20.791447
55,WI,55093,Pierce,22.763169
55,WI,55095,Polk,21.023194
55,WI,55097,Portage,17.908491
55,WI,55099,Price,10.377791
55,WI,55101,Racine,27.081084
55,WI,55103,Richland,18.636464
55,WI,55105,Rock,24.42687
55,WI,55107,Rusk,19.130944
55,WI,55109,St. Croix,19.535722
55,WI,55111,Sauk,19.210629
55,WI,55113,Sawyer,15.461677
55,WI,55115,Shawano,22.828371
55,WI,55117,Sheboygan,20.909258
55,WI,55119,Taylor,14.986881
55,WI,55121,Trempealeau,21.272182
55,WI,55123,Vernon,20.937811
55,WI,55125,Vilas,13.78203
55,WI,55127,Walworth,22.494319
55,WI,55129,Washburn,19.586289
55,WI,55131,Washington,20.335746
55,WI,55133,Waukesha,21.710712
55,WI,55135,Waupaca,19.783253
55,WI,55137,Waushara,22.71266
55,WI,55139,Winnebago,20.247574
55,WI,55141,Wood,23.833212
56,WY,56001,Albany,0.019178
56,WY,56003,Big Horn,0.023933
56,WY,56005,Campbell,0.17121
56,WY,56007,Carbon,0.021544
56,WY,56009,Converse,0.022653
56,WY,56011,Crook,0.172374
56,WY,56013,Fremont,0.020132
56,WY,56015,Goshen,0.265629
56,WY,56017,Hot Springs,0.019178
56,WY,56019,Johnson,0.041152
56,WY,56021,Laramie,0.111203
56,WY,56023,Lincoln,0.017724
56,WY,56025,Natrona,0.026192
56,WY,56027,Niobrara,0.03233
56,WY,56029,Park,0.014684
56,WY,56031,Platte,0.049905
56,WY,56033,Sheridan,0.068718
56,WY,56035,Sublette,0.018826
56,WY,56037,Sweetwater,0.020612
56,WY,56039,Teton,0.065161
56,WY,56041,Uinta,0.020431
56,WY,56043,Washakie,0.028435
56,WY,56045,Weston,0.073463
