STATEFP,STATE,County_FIPS,County_NAME,switchgrass_yield
1,AL,1001,Autauga,15.711573
1,AL,1003,Baldwin,17.541727
1,AL,1005,Barbour,15.084199
1,AL,1007,Bibb,16.547526
1,AL,1009,Blount,11.805854
1,AL,1011,Bullock,12.462122
1,AL,1013,Butler,15.481928
1,AL,1015,Calhoun,13.260868
1,AL,1017,Chambers,10.252285
1,AL,1019,Cherokee,13.028238
1,AL,1021,Chilton,14.055476
1,AL,1023,Choctaw,16.969643
1,AL,1025,Clarke,14.75465
1,AL,1027,Clay,12.408168
1,AL,1029,Cleburne,12.198502
1,AL,1031,Coffee,14.639938
1,AL,1033,Colbert,15.517989
1,AL,1035,Conecuh,16.83849
1,AL,1037,Coosa,12.342067
1,AL,1039,Covington,15.597858
1,AL,1041,Crenshaw,14.618949
1,AL,1043,Cullman,10.875062
1,AL,1045,Dale,15.791613
1,AL,1047,Dallas,13.801867
1,AL,1049,DeKalb,11.531746
1,AL,1051,Elmore,14.65532
1,AL,1053,Escambia,17.116713
1,AL,1055,Etowah,11.514635
1,AL,1057,Fayette,11.985404
1,AL,1059,Franklin,10.929582
1,AL,1061,Geneva,16.297215
1,AL,1063,Greene,15.213065
1,AL,1065,Hale,13.848583
1,AL,1067,Henry,15.120677
1,AL,1069,Houston,15.821975
1,AL,1071,Jackson,15.147041
1,AL,1073,Jefferson,11.426323
1,AL,1075,Lamar,16.337091
1,AL,1077,Lauderdale,15.980022
1,AL,1079,Lawrence,15.620991
1,AL,1081,Lee,9.580831
1,AL,1083,Limestone,15.854759
1,AL,1085,Lowndes,14.339744
1,AL,1087,Macon,12.984825
1,AL,1089,Madison,16.303684
1,AL,1091,Marengo,15.754178
1,AL,1093,Marion,11.051875
1,AL,1095,Marshall,12.742806
1,AL,1097,Mobile,16.70125
1,AL,1099,Monroe,16.244243
1,AL,1101,Montgomery,14.84956
1,AL,1103,Morgan,13.294705
1,AL,1105,Perry,13.928284
1,AL,1107,Pickens,16.473625
1,AL,1109,Pike,15.773918
1,AL,1111,Randolph,12.459479
1,AL,1113,Russell,14.219684
1,AL,1115,St. Clair,12.915699
1,AL,1117,Shelby,12.544898
1,AL,1119,Sumter,15.448404
1,AL,1121,Talladega,11.970224
1,AL,1123,Tallapoosa,13.511124
1,AL,1125,Tuscaloosa,16.321946
1,AL,1127,Walker,11.742575
1,AL,1129,Washington,17.225263
1,AL,1131,Wilcox,15.412475
1,AL,1133,Winston,11.892065
4,AZ,4001,Apache,1.740744
4,AZ,4003,Cochise,0.535567
4,AZ,4005,Coconino,1.146077
4,AZ,4007,Gila,1.577387
4,AZ,4009,Graham,0.707291
4,AZ,4011,Greenlee,1.24633
4,AZ,4012,La Paz,0.011381
4,AZ,4013,Maricopa,0.20374
4,AZ,4015,Mohave,0.476561
4,AZ,4017,Navajo,0.834365
4,AZ,4019,Pima,0.35262
4,AZ,4021,Pinal,0.507921
4,AZ,4023,Santa Cruz,2.394905
4,AZ,4025,Yavapai,1.612471
4,AZ,4027,Yuma,0.008333
5,AR,5001,Arkansas,16.248469
5,AR,5003,Ashley,16.027265
5,AR,5005,Baxter,11.626766
5,AR,5007,Benton,12.332221
5,AR,5009,Boone,11.587911
5,AR,5011,Bradley,15.782565
5,AR,5013,Calhoun,15.882659
5,AR,5015,Carroll,12.570399
5,AR,5017,Chicot,15.905201
5,AR,5019,Clark,14.477238
5,AR,5021,Clay,13.645545
5,AR,5023,Cleburne,11.246893
5,AR,5025,Cleveland,15.78196
5,AR,5027,Columbia,14.205669
5,AR,5029,Conway,15.619138
5,AR,5031,Craighead,11.372704
5,AR,5033,Crawford,13.811137
5,AR,5035,Crittenden,15.536001
5,AR,5037,Cross,15.654158
5,AR,5039,Dallas,16.119523
5,AR,5041,Desha,15.599721
5,AR,5043,Drew,15.943692
5,AR,5045,Faulkner,15.604193
5,AR,5047,Franklin,12.500576
5,AR,5049,Fulton,14.385128
5,AR,5051,Garland,12.970489
5,AR,5053,Grant,15.994206
5,AR,5055,Greene,15.625806
5,AR,5057,Hempstead,15.671639
5,AR,5059,Hot Spring,16.710374
5,AR,5061,Howard,14.595215
5,AR,5063,Independence,14.320202
5,AR,5065,Izard,11.975107
5,AR,5067,Jackson,16.041384
5,AR,5069,Jefferson,15.716393
5,AR,5071,Johnson,13.214804
5,AR,5073,Lafayette,14.884917
5,AR,5075,Lawrence,11.819898
5,AR,5077,Lee,15.972958
5,AR,5079,Lincoln,16.193653
5,AR,5081,Little River,15.190747
5,AR,5083,Logan,14.399233
5,AR,5085,Lonoke,15.621418
5,AR,5087,Madison,12.505546
5,AR,5089,Marion,13.776914
5,AR,5091,Miller,14.924749
5,AR,5093,Mississippi,15.534212
5,AR,5095,Monroe,11.67642
5,AR,5097,Montgomery,13.46599
5,AR,5099,Nevada,15.607998
5,AR,5101,Newton,12.956734
5,AR,5103,Ouachita,15.69426
5,AR,5105,Perry,12.129806
5,AR,5107,Phillips,15.69317
5,AR,5109,Pike,14.857576
5,AR,5111,Poinsett,13.480679
5,AR,5113,Polk,13.738009
5,AR,5115,Pope,12.9899
5,AR,5117,Prairie,15.735998
5,AR,5119,Pulaski,13.305994
5,AR,5121,Randolph,12.21935
5,AR,5123,St. Francis,15.904298
5,AR,5125,Saline,12.571334
5,AR,5127,Scott,13.069921
5,AR,5129,Searcy,13.809889
5,AR,5131,Sebastian,13.804461
5,AR,5133,Sevier,16.180968
5,AR,5135,Sharp,11.460115
5,AR,5137,Stone,11.98405
5,AR,5139,Union,15.6531
5,AR,5141,Van Buren,12.210243
5,AR,5143,Washington,12.584218
5,AR,5145,White,14.757256
5,AR,5147,Woodruff,14.472213
5,AR,5149,Yell,13.213029
6,CA,6001,Alameda,0.223769
6,CA,6003,Alpine,0.038226
6,CA,6005,Amador,3.667145
6,CA,6007,Butte,3.759764
6,CA,6009,Calaveras,0.111128
6,CA,6011,Colusa,1.348857
6,CA,6013,Contra Costa,2.851603
6,CA,6015,Del Norte,0.014613
6,CA,6017,El Dorado,3.627621
6,CA,6019,Fresno,0.744419
6,CA,6021,Glenn,3.019823
6,CA,6023,Humboldt,7.022421
6,CA,6025,Imperial,0.005027
6,CA,6027,Inyo,0.045731
6,CA,6029,Kern,0.210553
6,CA,6031,Kings,0.269607
6,CA,6033,Lake,5.139564
6,CA,6035,Lassen,0.156007
6,CA,6037,Los Angeles,0.605473
6,CA,6039,Madera,1.670138
6,CA,6041,Marin,7.208041
6,CA,6043,Mariposa,0.694331
6,CA,6045,Mendocino,5.673191
6,CA,6047,Merced,1.520828
6,CA,6049,Modoc,0.309108
6,CA,6051,Mono,0.009812
6,CA,6053,Monterey,0.548021
6,CA,6055,Napa,3.507595
6,CA,6057,Nevada,2.256283
6,CA,6059,Orange,0.284462
6,CA,6061,Placer,1.335351
6,CA,6063,Plumas,1.293149
6,CA,6065,Riverside,0.124388
6,CA,6067,Sacramento,3.930593
6,CA,6069,San Benito,0.77257
6,CA,6071,San Bernardino,0.045926
6,CA,6073,San Diego,0.662035
6,CA,6075,San Francisco,7.208041
6,CA,6077,San Joaquin,4.410945
6,CA,6079,San Luis Obispo,0.18518
6,CA,6081,San Mateo,0.255865
6,CA,6083,Santa Barbara,0.343189
6,CA,6085,Santa Clara,2.508907
6,CA,6087,Santa Cruz,0.180819
6,CA,6089,Shasta,2.264116
6,CA,6091,Sierra,0.021852
6,CA,6093,Siskiyou,1.021308
6,CA,6095,Solano,4.537148
6,CA,6097,Sonoma,4.418865
6,CA,6099,Stanislaus,1.310421
6,CA,6101,Sutter,1.236229
6,CA,6103,Tehama,1.640737
6,CA,6105,Trinity,0.758861
6,CA,6107,Tulare,0.532046
6,CA,6109,Tuolumne,1.430551
6,CA,6111,Ventura,0.466634
6,CA,6113,Yolo,7.697317
6,CA,6115,Yuba,0.805608
8,CO,8001,Adams,2.310222
8,CO,8003,Alamosa,0.618442
8,CO,8005,Arapahoe,1.894435
8,CO,8007,Archuleta,0.150038
8,CO,8009,Baca,2.64547
8,CO,8011,Bent,2.501744
8,CO,8013,Boulder,0.229394
8,CO,8014,Broomfield,1.395323
8,CO,8015,Chaffee,0.005533
8,CO,8017,Cheyenne,1.575197
8,CO,8019,Clear Creek,0.011426
8,CO,8021,Conejos,0.020585
8,CO,8023,Costilla,3.373963
8,CO,8025,Crowley,2.292224
8,CO,8027,Custer,0.032816
8,CO,8029,Delta,2.570965
8,CO,8031,Denver,3.511362
8,CO,8033,Dolores,1.14297
8,CO,8035,Douglas,3.579139
8,CO,8037,Eagle,0.121266
8,CO,8039,Elbert,2.617993
8,CO,8041,El Paso,5.000247
8,CO,8043,Fremont,0.333792
8,CO,8045,Garfield,1.896697
8,CO,8047,Gilpin,0.011426
8,CO,8049,Grand,0.073821
8,CO,8051,Gunnison,0.158951
8,CO,8053,Hinsdale,0.055821
8,CO,8055,Huerfano,2.59996
8,CO,8057,Jackson,0.091211
8,CO,8059,Jefferson,0.07118
8,CO,8061,Kiowa,2.472195
8,CO,8063,Kit Carson,3.842596
8,CO,8065,Lake,0.011778
8,CO,8067,La Plata,0.712578
8,CO,8069,Larimer,0.28291
8,CO,8071,Las Animas,1.163377
8,CO,8073,Lincoln,3.002332
8,CO,8075,Logan,0.450594
8,CO,8077,Mesa,1.168211
8,CO,8079,Mineral,0.012513
8,CO,8081,Moffat,2.519116
8,CO,8083,Montezuma,1.365667
8,CO,8085,Montrose,1.479706
8,CO,8087,Morgan,0.157366
8,CO,8089,Otero,2.384809
8,CO,8091,Ouray,0.009983
8,CO,8093,Park,0.048979
8,CO,8095,Phillips,1.864835
8,CO,8097,Pitkin,0.145405
8,CO,8099,Prowers,1.746316
8,CO,8101,Pueblo,1.985323
8,CO,8103,Rio Blanco,0.255817
8,CO,8105,Rio Grande,0.790647
8,CO,8107,Routt,0.111115
8,CO,8109,Saguache,0.926695
8,CO,8111,San Juan,0.00369
8,CO,8113,San Miguel,2.237963
8,CO,8115,Sedgwick,4.514387
8,CO,8117,Summit,0.011731
8,CO,8119,Teller,0.08753
8,CO,8121,Washington,2.243615
8,CO,8123,Weld,2.837737
8,CO,8125,Yuma,5.433446
9,CT,9001,Fairfield,11.333727
9,CT,9003,Hartford,8.749128
9,CT,9005,Litchfield,9.415247
9,CT,9007,Middlesex,13.760513
9,CT,9009,New Haven,11.428996
9,CT,9011,New London,11.562314
9,CT,9013,Tolland,9.524425
9,CT,9015,Windham,9.228719
10,DE,10001,Kent,16.189997
10,DE,10003,New Castle,6.632632
10,DE,10005,Sussex,16.908712
11,DC,11001,District of Columbia,8.568039
12,FL,12001,Alachua,9.151228
12,FL,12003,Baker,14.403034
12,FL,12005,Bay,14.981252
12,FL,12007,Bradford,12.621378
12,FL,12009,Brevard,12.49895
12,FL,12011,Broward,5.077857
12,FL,12013,Calhoun,15.334129
12,FL,12015,Charlotte,7.555845
12,FL,12017,Citrus,8.697027
12,FL,12019,Clay,10.95434
12,FL,12021,Collier,9.040539
12,FL,12023,Columbia,14.854836
12,FL,12027,DeSoto,7.767122
12,FL,12029,Dixie,15.200699
12,FL,12031,Duval,12.032453
12,FL,12033,Escambia,17.134827
12,FL,12035,Flagler,7.813879
12,FL,12037,Franklin,16.06664
12,FL,12039,Gadsden,16.258763
12,FL,12041,Gilchrist,15.153006
12,FL,12043,Glades,8.465293
12,FL,12045,Gulf,15.309447
12,FL,12047,Hamilton,14.802417
12,FL,12049,Hardee,10.314645
12,FL,12051,Hendry,7.510122
12,FL,12053,Hernando,8.010666
12,FL,12055,Highlands,7.66022
12,FL,12057,Hillsborough,7.271612
12,FL,12059,Holmes,15.465907
12,FL,12061,Indian River,2.821309
12,FL,12063,Jackson,15.909812
12,FL,12065,Jefferson,16.66309
12,FL,12067,Lafayette,14.720814
12,FL,12069,Lake,8.936101
12,FL,12071,Lee,7.408676
12,FL,12073,Leon,16.033901
12,FL,12075,Levy,6.97145
12,FL,12077,Liberty,15.288049
12,FL,12079,Madison,16.267271
12,FL,12081,Manatee,9.583774
12,FL,12083,Marion,10.744478
12,FL,12085,Martin,9.01102
12,FL,12086,Miami-Dade,2.4655
12,FL,12087,Monroe,1.610846
12,FL,12089,Nassau,13.441727
12,FL,12091,Okaloosa,16.058648
12,FL,12093,Okeechobee,10.088592
12,FL,12095,Orange,7.823422
12,FL,12097,Osceola,8.483824
12,FL,12099,Palm Beach,5.090141
12,FL,12101,Pasco,7.223351
12,FL,12103,Pinellas,8.132482
12,FL,12105,Polk,7.025875
12,FL,12107,Putnam,11.124321
12,FL,12109,St. Johns,9.110562
12,FL,12111,St. Lucie,11.159719
12,FL,12113,Santa Rosa,16.812497
12,FL,12115,Sarasota,5.855104
12,FL,12117,Seminole,8.252799
12,FL,12119,Sumter,6.650372
12,FL,12121,Suwannee,16.492692
12,FL,12123,Taylor,16.436478
12,FL,12125,Union,14.462368
12,FL,12127,Volusia,6.914825
12,FL,12129,Wakulla,16.336818
12,FL,12131,Walton,13.123469
12,FL,12133,Washington,14.824776
13,GA,13001,Appling,12.040247
13,GA,13003,Atkinson,13.365283
13,GA,13005,Bacon,12.509366
13,GA,13007,Baker,15.843519
13,GA,13009,Baldwin,14.607846
13,GA,13011,Banks,11.046113
13,GA,13013,Barrow,8.956766
13,GA,13015,Bartow,15.746409
13,GA,13017,Ben Hill,15.23358
13,GA,13019,Berrien,15.568792
13,GA,13021,Bibb,14.113648
13,GA,13023,Bleckley,14.684735
13,GA,13025,Brantley,13.449558
13,GA,13027,Brooks,16.305776
13,GA,13029,Bryan,11.663948
13,GA,13031,Bulloch,12.762611
13,GA,13033,Burke,14.385275
13,GA,13035,Butts,8.874342
13,GA,13037,Calhoun,15.514652
13,GA,13039,Camden,10.95721
13,GA,13043,Candler,15.147926
13,GA,13045,Carroll,12.405203
13,GA,13047,Catoosa,12.912844
13,GA,13049,Charlton,9.858302
13,GA,13051,Chatham,8.465673
13,GA,13053,Chattahoochee,14.246218
13,GA,13055,Chattooga,10.457981
13,GA,13057,Cherokee,14.204962
13,GA,13059,Clarke,8.360694
13,GA,13061,Clay,14.929357
13,GA,13063,Clayton,10.260453
13,GA,13065,Clinch,13.209078
13,GA,13067,Cobb,7.092661
13,GA,13069,Coffee,12.917327
13,GA,13071,Colquitt,15.763647
13,GA,13073,Columbia,14.094422
13,GA,13075,Cook,16.095293
13,GA,13077,Coweta,9.09234
13,GA,13079,Crawford,7.357125
13,GA,13081,Crisp,14.960739
13,GA,13083,Dade,11.101691
13,GA,13085,Dawson,14.204962
13,GA,13087,Decatur,15.511708
13,GA,13089,DeKalb,12.344378
13,GA,13091,Dodge,14.684735
13,GA,13093,Dooly,14.89218
13,GA,13095,Dougherty,15.899533
13,GA,13097,Douglas,10.598554
13,GA,13099,Early,15.795797
13,GA,13101,Echols,14.246923
13,GA,13103,Effingham,13.042802
13,GA,13105,Elbert,7.729975
13,GA,13107,Emanuel,15.204514
13,GA,13109,Evans,12.52036
13,GA,13111,Fannin,15.075108
13,GA,13113,Fayette,5.967442
13,GA,13115,Floyd,10.457981
13,GA,13117,Forsyth,10.860803
13,GA,13119,Franklin,9.33878
13,GA,13121,Fulton,8.493926
13,GA,13123,Gilmer,9.689541
13,GA,13125,Glascock,14.64508
13,GA,13127,Glynn,9.929153
13,GA,13129,Gordon,15.986113
13,GA,13131,Grady,16.216287
13,GA,13133,Greene,7.807711
13,GA,13135,Gwinnett,9.543499
13,GA,13137,Habersham,11.046113
13,GA,13139,Hall,10.860803
13,GA,13141,Hancock,11.468325
13,GA,13143,Haralson,11.264251
13,GA,13145,Harris,8.474834
13,GA,13147,Hart,8.600955
13,GA,13149,Heard,9.24787
13,GA,13151,Henry,10.260453
13,GA,13153,Houston,15.439064
13,GA,13155,Irwin,15.568792
13,GA,13157,Jackson,10.645595
13,GA,13159,Jasper,9.343054
13,GA,13161,Jeff Davis,11.300788
13,GA,13163,Jefferson,15.185793
13,GA,13165,Jenkins,12.850223
13,GA,13167,Johnson,15.151298
13,GA,13169,Jones,11.503284
13,GA,13171,Lamar,9.484719
13,GA,13173,Lanier,15.951383
13,GA,13175,Laurens,14.927362
13,GA,13177,Lee,15.741806
13,GA,13179,Liberty,13.099323
13,GA,13181,Lincoln,8.919047
13,GA,13183,Long,13.773039
13,GA,13185,Lowndes,15.997657
13,GA,13187,Lumpkin,15.075108
13,GA,13189,McDuffie,7.357613
13,GA,13191,McIntosh,9.592017
13,GA,13193,Macon,15.000401
13,GA,13195,Madison,8.730904
13,GA,13197,Marion,14.246218
13,GA,13199,Meriwether,6.537275
13,GA,13201,Miller,15.643644
13,GA,13205,Mitchell,15.914491
13,GA,13207,Monroe,9.484719
13,GA,13209,Montgomery,14.688537
13,GA,13211,Morgan,8.351519
13,GA,13213,Murray,13.418761
13,GA,13215,Muscogee,3.164521
13,GA,13217,Newton,11.999936
13,GA,13219,Oconee,8.360694
13,GA,13221,Oglethorpe,7.975183
13,GA,13223,Paulding,10.648816
13,GA,13225,Peach,13.52759
13,GA,13227,Pickens,12.082938
13,GA,13229,Pierce,11.71152
13,GA,13231,Pike,9.926019
13,GA,13233,Polk,15.956193
13,GA,13235,Pulaski,14.609583
13,GA,13237,Putnam,9.204751
13,GA,13239,Quitman,14.891676
13,GA,13241,Rabun,16.264899
13,GA,13243,Randolph,15.175833
13,GA,13245,Richmond,14.094422
13,GA,13247,Rockdale,11.999936
13,GA,13249,Schley,14.253458
13,GA,13251,Screven,12.671602
13,GA,13253,Seminole,15.920191
13,GA,13255,Spalding,9.926019
13,GA,13257,Stephens,11.046113
13,GA,13259,Stewart,14.097422
13,GA,13261,Sumter,15.116015
13,GA,13263,Talbot,6.826698
13,GA,13265,Taliaferro,8.154522
13,GA,13267,Tattnall,12.193816
13,GA,13269,Taylor,13.548589
13,GA,13271,Telfair,13.028556
13,GA,13273,Terrell,15.560606
13,GA,13275,Thomas,16.34193
13,GA,13277,Tift,15.446637
13,GA,13279,Toombs,15.010972
13,GA,13281,Towns,15.229907
13,GA,13283,Treutlen,15.019776
13,GA,13285,Troup,8.910047
13,GA,13287,Turner,15.103837
13,GA,13289,Twiggs,14.991989
13,GA,13291,Union,17.485645
13,GA,13293,Upson,7.917135
13,GA,13295,Walker,16.12114
13,GA,13297,Walton,11.999936
13,GA,13299,Ware,10.496183
13,GA,13301,Warren,14.64508
13,GA,13303,Washington,15.154647
13,GA,13305,Wayne,13.78641
13,GA,13307,Webster,14.816318
13,GA,13309,Wheeler,14.688537
13,GA,13311,White,12.46401
13,GA,13313,Whitfield,13.418761
13,GA,13315,Wilcox,14.609583
13,GA,13317,Wilkes,11.558659
13,GA,13319,Wilkinson,14.831524
13,GA,13321,Worth,15.963283
16,ID,16001,Ada,2.360071
16,ID,16003,Adams,1.868343
16,ID,16005,Bannock,1.788341
16,ID,16007,Bear Lake,0.468361
16,ID,16009,Benewah,10.246873
16,ID,16011,Bingham,3.546079
16,ID,16013,Blaine,1.741271
16,ID,16015,Boise,1.165753
16,ID,16017,Bonner,5.821103
16,ID,16019,Bonneville,1.353736
16,ID,16021,Boundary,1.461919
16,ID,16023,Butte,1.77751
16,ID,16025,Camas,0.545441
16,ID,16027,Canyon,1.280913
16,ID,16029,Caribou,0.627494
16,ID,16031,Cassia,2.363735
16,ID,16033,Clark,1.483221
16,ID,16035,Clearwater,5.703341
16,ID,16037,Custer,0.011945
16,ID,16039,Elmore,0.452267
16,ID,16041,Franklin,4.97342
16,ID,16043,Fremont,1.811955
16,ID,16045,Gem,4.240006
16,ID,16047,Gooding,1.668461
16,ID,16049,Idaho,1.930775
16,ID,16051,Jefferson,3.132438
16,ID,16053,Jerome,1.429371
16,ID,16055,Kootenai,7.488038
16,ID,16057,Latah,11.767155
16,ID,16059,Lemhi,0.098918
16,ID,16061,Lewis,12.875078
16,ID,16063,Lincoln,1.878568
16,ID,16065,Madison,1.023905
16,ID,16067,Minidoka,2.445889
16,ID,16069,Nez Perce,8.691709
16,ID,16071,Oneida,1.534814
16,ID,16073,Owyhee,0.358566
16,ID,16075,Payette,1.972576
16,ID,16077,Power,2.474535
16,ID,16079,Shoshone,4.335191
16,ID,16081,Teton,2.151933
16,ID,16083,Twin Falls,1.055096
16,ID,16085,Valley,0.05853
16,ID,16087,Washington,2.13529
17,IL,17001,Adams,14.985557
17,IL,17003,Alexander,15.292166
17,IL,17005,Bond,15.377082
17,IL,17007,Boone,12.513576
17,IL,17009,Brown,15.439394
17,IL,17011,Bureau,14.274823
17,IL,17013,Calhoun,14.969189
17,IL,17015,Carroll,13.088331
17,IL,17017,Cass,15.26337
17,IL,17019,Champaign,16.077038
17,IL,17021,Christian,15.625952
17,IL,17023,Clark,15.617255
17,IL,17025,Clay,15.728892
17,IL,17027,Clinton,15.440459
17,IL,17029,Coles,15.794349
17,IL,17031,Cook,15.811235
17,IL,17033,Crawford,15.759316
17,IL,17035,Cumberland,15.561362
17,IL,17037,DeKalb,13.747581
17,IL,17039,De Witt,15.809585
17,IL,17041,Douglas,15.973172
17,IL,17043,DuPage,14.19876
17,IL,17045,Edgar,16.026219
17,IL,17047,Edwards,15.941165
17,IL,17049,Effingham,15.561362
17,IL,17051,Fayette,15.496432
17,IL,17053,Ford,15.914813
17,IL,17055,Franklin,15.456137
17,IL,17057,Fulton,14.811673
17,IL,17059,Gallatin,16.147027
17,IL,17061,Greene,15.584778
17,IL,17063,Grundy,13.869237
17,IL,17065,Hamilton,15.701295
17,IL,17067,Hancock,14.830095
17,IL,17069,Hardin,16.004697
17,IL,17071,Henderson,14.713248
17,IL,17073,Henry,14.312682
17,IL,17075,Iroquois,14.836255
17,IL,17077,Jackson,15.091621
17,IL,17079,Jasper,15.735174
17,IL,17081,Jefferson,15.019674
17,IL,17083,Jersey,15.179433
17,IL,17085,Jo Daviess,11.018931
17,IL,17087,Johnson,14.834179
17,IL,17089,Kane,13.552409
17,IL,17091,Kankakee,11.279411
17,IL,17093,Kendall,14.10833
17,IL,17095,Knox,14.695105
17,IL,17097,Lake,13.661917
17,IL,17099,LaSalle,14.272748
17,IL,17101,Lawrence,15.742074
17,IL,17103,Lee,11.973174
17,IL,17105,Livingston,14.650026
17,IL,17107,Logan,15.48088
17,IL,17109,McDonough,15.02679
17,IL,17111,McHenry,12.393694
17,IL,17113,McLean,15.395217
17,IL,17115,Macon,15.747064
17,IL,17117,Macoupin,15.643285
17,IL,17119,Madison,15.566469
17,IL,17121,Marion,15.520743
17,IL,17123,Marshall,14.066775
17,IL,17125,Mason,15.089491
17,IL,17127,Massac,15.030761
17,IL,17129,Menard,15.247813
17,IL,17131,Mercer,13.286689
17,IL,17133,Monroe,15.019693
17,IL,17135,Montgomery,15.572939
17,IL,17137,Morgan,15.414489
17,IL,17139,Moultrie,15.768128
17,IL,17141,Ogle,12.559018
17,IL,17143,Peoria,14.669181
17,IL,17145,Perry,15.465902
17,IL,17147,Piatt,15.871003
17,IL,17149,Pike,15.073729
17,IL,17151,Pope,15.09622
17,IL,17153,Pulaski,15.571106
17,IL,17155,Putnam,14.066775
17,IL,17157,Randolph,14.653712
17,IL,17159,Richland,15.743188
17,IL,17161,Rock Island,13.489879
17,IL,17163,St. Clair,15.197146
17,IL,17165,Saline,14.690746
17,IL,17167,Sangamon,15.599268
17,IL,17169,Schuyler,15.14844
17,IL,17171,Scott,15.250114
17,IL,17173,Shelby,15.637414
17,IL,17175,Stark,14.55601
17,IL,17177,Stephenson,11.183935
17,IL,17179,Tazewell,14.940986
17,IL,17181,Union,15.05015
17,IL,17183,Vermilion,15.875719
17,IL,17185,Wabash,15.941165
17,IL,17187,Warren,14.788176
17,IL,17189,Washington,15.440459
17,IL,17191,Wayne,15.726421
17,IL,17193,White,15.325418
17,IL,17195,Whiteside,13.968248
17,IL,17197,Will,14.147309
17,IL,17199,Williamson,15.714478
17,IL,17201,Winnebago,11.525899
17,IL,17203,Woodford,14.814869
18,IN,18001,Adams,13.721745
18,IN,18003,Allen,13.270079
18,IN,18005,Bartholomew,15.490484
18,IN,18007,Benton,15.089788
18,IN,18009,Blackford,14.049904
18,IN,18011,Boone,15.187308
18,IN,18013,Brown,13.419758
18,IN,18015,Carroll,15.49058
18,IN,18017,Cass,14.767154
18,IN,18019,Clark,16.118233
18,IN,18021,Clay,14.582031
18,IN,18023,Clinton,15.383729
18,IN,18025,Crawford,13.497194
18,IN,18027,Daviess,16.249962
18,IN,18029,Dearborn,13.233715
18,IN,18031,Decatur,14.84135
18,IN,18033,DeKalb,11.867298
18,IN,18035,Delaware,14.479876
18,IN,18037,Dubois,14.252775
18,IN,18039,Elkhart,12.042099
18,IN,18041,Fayette,14.874829
18,IN,18043,Floyd,16.417359
18,IN,18045,Fountain,15.144017
18,IN,18047,Franklin,14.402259
18,IN,18049,Fulton,12.816113
18,IN,18051,Gibson,15.399839
18,IN,18053,Grant,14.213424
18,IN,18055,Greene,12.455209
18,IN,18057,Hamilton,15.310207
18,IN,18059,Hancock,15.075552
18,IN,18061,Harrison,14.193737
18,IN,18063,Hendricks,15.26454
18,IN,18065,Henry,13.737886
18,IN,18067,Howard,15.029184
18,IN,18069,Huntington,13.706911
18,IN,18071,Jackson,15.744709
18,IN,18073,Jasper,14.818087
18,IN,18075,Jay,13.952839
18,IN,18077,Jefferson,15.844154
18,IN,18079,Jennings,15.668618
18,IN,18081,Johnson,15.281298
18,IN,18083,Knox,15.652934
18,IN,18085,Kosciusko,11.673088
18,IN,18087,LaGrange,11.817487
18,IN,18089,Lake,14.339587
18,IN,18091,LaPorte,14.876092
18,IN,18093,Lawrence,11.194876
18,IN,18095,Madison,14.998576
18,IN,18097,Marion,15.121922
18,IN,18099,Marshall,13.070179
18,IN,18101,Martin,13.959809
18,IN,18103,Miami,14.505083
18,IN,18105,Monroe,14.336949
18,IN,18107,Montgomery,15.451117
18,IN,18109,Morgan,14.727646
18,IN,18111,Newton,13.878428
18,IN,18113,Noble,11.909731
18,IN,18115,Ohio,15.04507
18,IN,18117,Orange,14.29038
18,IN,18119,Owen,14.123981
18,IN,18121,Parke,15.702712
18,IN,18123,Perry,13.493923
18,IN,18125,Pike,14.37772
18,IN,18127,Porter,14.308602
18,IN,18129,Posey,15.531883
18,IN,18131,Pulaski,14.38349
18,IN,18133,Putnam,14.021649
18,IN,18135,Randolph,14.834444
18,IN,18137,Ripley,15.668618
18,IN,18139,Rush,13.729456
18,IN,18141,St. Joseph,12.810581
18,IN,18143,Scott,15.819106
18,IN,18145,Shelby,15.377983
18,IN,18147,Spencer,14.393093
18,IN,18149,Starke,14.177573
18,IN,18151,Steuben,10.963369
18,IN,18153,Sullivan,11.880769
18,IN,18155,Switzerland,13.240508
18,IN,18157,Tippecanoe,13.997498
18,IN,18159,Tipton,15.310207
18,IN,18161,Union,13.571954
18,IN,18163,Vanderburgh,15.531883
18,IN,18165,Vermillion,15.63513
18,IN,18167,Vigo,14.582031
18,IN,18169,Wabash,13.978833
18,IN,18171,Warren,15.338212
18,IN,18173,Warrick,14.17431
18,IN,18175,Washington,14.222073
18,IN,18177,Wayne,15.170954
18,IN,18179,Wells,13.90206
18,IN,18181,White,14.872837
18,IN,18183,Whitley,12.615536
19,IA,19001,Adair,11.850559
19,IA,19003,Adams,13.163548
19,IA,19005,Allamakee,6.91892
19,IA,19007,Appanoose,13.468641
19,IA,19009,Audubon,11.717665
19,IA,19011,Benton,12.254016
19,IA,19013,Black Hawk,13.330607
19,IA,19015,Boone,13.141959
19,IA,19017,Bremer,12.308887
19,IA,19019,Buchanan,4.522649
19,IA,19021,Buena Vista,6.965687
19,IA,19023,Butler,11.236604
19,IA,19025,Calhoun,12.230665
19,IA,19027,Carroll,11.304538
19,IA,19029,Cass,11.197132
19,IA,19031,Cedar,13.931191
19,IA,19033,Cerro Gordo,11.931107
19,IA,19035,Cherokee,3.032847
19,IA,19037,Chickasaw,11.850187
19,IA,19039,Clarke,13.210224
19,IA,19041,Clay,12.656681
19,IA,19043,Clayton,6.657689
19,IA,19045,Clinton,10.26106
19,IA,19047,Crawford,9.192891
19,IA,19049,Dallas,12.489091
19,IA,19051,Davis,14.279211
19,IA,19053,Decatur,13.170633
19,IA,19055,Delaware,12.32911
19,IA,19057,Des Moines,14.713248
19,IA,19059,Dickinson,8.881428
19,IA,19061,Dubuque,4.147489
19,IA,19063,Emmet,10.75238
19,IA,19065,Fayette,9.784675
19,IA,19067,Floyd,11.375942
19,IA,19069,Franklin,13.05663
19,IA,19071,Fremont,11.109239
19,IA,19073,Greene,12.714816
19,IA,19075,Grundy,13.373597
19,IA,19077,Guthrie,11.482756
19,IA,19079,Hamilton,13.561092
19,IA,19081,Hancock,12.206951
19,IA,19083,Hardin,13.030431
19,IA,19085,Harrison,10.891704
19,IA,19087,Henry,14.768189
19,IA,19089,Howard,10.716404
19,IA,19091,Humboldt,11.776111
19,IA,19093,Ida,4.233564
19,IA,19095,Iowa,12.048356
19,IA,19097,Jackson,6.76817
19,IA,19099,Jasper,12.404299
19,IA,19101,Jefferson,14.080082
19,IA,19103,Johnson,13.453073
19,IA,19105,Jones,13.294162
19,IA,19107,Keokuk,13.033996
19,IA,19109,Kossuth,12.018471
19,IA,19111,Lee,14.572075
19,IA,19113,Linn,12.650164
19,IA,19115,Louisa,14.73731
19,IA,19117,Lucas,12.667208
19,IA,19119,Lyon,7.655402
19,IA,19121,Madison,11.912129
19,IA,19123,Mahaska,12.523975
19,IA,19125,Marion,11.598049
19,IA,19127,Marshall,12.78017
19,IA,19129,Mills,11.109239
19,IA,19131,Mitchell,11.305648
19,IA,19133,Monona,7.281077
19,IA,19135,Monroe,11.51928
19,IA,19137,Montgomery,10.483104
19,IA,19139,Muscatine,14.14799
19,IA,19141,O'Brien,5.663402
19,IA,19143,Osceola,9.729812
19,IA,19145,Page,13.429188
19,IA,19147,Palo Alto,10.242628
19,IA,19149,Plymouth,7.415165
19,IA,19151,Pocahontas,11.949608
19,IA,19153,Polk,12.103759
19,IA,19155,Pottawattamie,10.771122
19,IA,19157,Poweshiek,12.565329
19,IA,19159,Ringgold,12.122793
19,IA,19161,Sac,5.266858
19,IA,19163,Scott,13.399013
19,IA,19165,Shelby,10.106233
19,IA,19167,Sioux,8.883098
19,IA,19169,Story,13.674776
19,IA,19171,Tama,12.042842
19,IA,19173,Taylor,13.009192
19,IA,19175,Union,12.674196
19,IA,19177,Van Buren,14.66775
19,IA,19179,Wapello,13.292287
19,IA,19181,Warren,11.595969
19,IA,19183,Washington,12.089501
19,IA,19185,Wayne,13.149115
19,IA,19187,Webster,13.201195
19,IA,19189,Winnebago,11.169012
19,IA,19191,Winneshiek,10.563269
19,IA,19193,Woodbury,4.951916
19,IA,19195,Worth,11.573199
19,IA,19197,Wright,12.89424
20,KS,20001,Allen,15.734772
20,KS,20003,Anderson,14.880186
20,KS,20005,Atchison,14.270542
20,KS,20007,Barber,8.599995
20,KS,20009,Barton,7.837179
20,KS,20011,Bourbon,14.776916
20,KS,20013,Brown,14.167515
20,KS,20015,Butler,13.462472
20,KS,20017,Chase,13.354061
20,KS,20019,Chautauqua,12.098924
20,KS,20021,Cherokee,15.444803
20,KS,20023,Cheyenne,2.329299
20,KS,20025,Clark,3.759394
20,KS,20027,Clay,8.002681
20,KS,20029,Cloud,8.556476
20,KS,20031,Coffey,14.294104
20,KS,20033,Comanche,12.418495
20,KS,20035,Cowley,12.933762
20,KS,20037,Crawford,15.159805
20,KS,20039,Decatur,5.662014
20,KS,20041,Dickinson,10.193027
20,KS,20043,Doniphan,14.270542
20,KS,20045,Douglas,10.69536
20,KS,20047,Edwards,5.198
20,KS,20049,Elk,14.4512
20,KS,20051,Ellis,6.43941
20,KS,20053,Ellsworth,5.991689
20,KS,20055,Finney,2.977337
20,KS,20057,Ford,4.722288
20,KS,20059,Franklin,14.123189
20,KS,20061,Geary,11.914016
20,KS,20063,Gove,2.222322
20,KS,20065,Graham,4.759432
20,KS,20067,Grant,1.043735
20,KS,20069,Gray,3.152526
20,KS,20071,Greeley,1.555036
20,KS,20073,Greenwood,13.430902
20,KS,20075,Hamilton,3.798102
20,KS,20077,Harper,11.647983
20,KS,20079,Harvey,14.178397
20,KS,20081,Haskell,1.70832
20,KS,20083,Hodgeman,3.3163
20,KS,20085,Jackson,14.200245
20,KS,20087,Jefferson,11.242395
20,KS,20089,Jewell,7.194458
20,KS,20091,Johnson,13.129121
20,KS,20093,Kearny,1.251267
20,KS,20095,Kingman,10.825535
20,KS,20097,Kiowa,10.085699
20,KS,20099,Labette,14.408856
20,KS,20101,Lane,2.063502
20,KS,20103,Leavenworth,15.112113
20,KS,20105,Lincoln,5.863074
20,KS,20107,Linn,14.813508
20,KS,20109,Logan,2.612993
20,KS,20111,Lyon,13.643999
20,KS,20113,McPherson,10.168149
20,KS,20115,Marion,13.067723
20,KS,20117,Marshall,11.219172
20,KS,20119,Meade,1.195837
20,KS,20121,Miami,13.642101
20,KS,20123,Mitchell,6.018678
20,KS,20125,Montgomery,12.719535
20,KS,20127,Morris,12.706605
20,KS,20129,Morton,1.394931
20,KS,20131,Nemaha,14.561101
20,KS,20133,Neosho,13.896907
20,KS,20135,Ness,2.92546
20,KS,20137,Norton,4.855304
20,KS,20139,Osage,14.691898
20,KS,20141,Osborne,6.327597
20,KS,20143,Ottawa,7.236448
20,KS,20145,Pawnee,6.695096
20,KS,20147,Phillips,4.324667
20,KS,20149,Pottawatomie,12.437958
20,KS,20151,Pratt,10.657875
20,KS,20153,Rawlins,3.493939
20,KS,20155,Reno,12.331595
20,KS,20157,Republic,9.445354
20,KS,20159,Rice,12.313395
20,KS,20161,Riley,10.983088
20,KS,20163,Rooks,4.545448
20,KS,20165,Rush,3.664196
20,KS,20167,Russell,4.645693
20,KS,20169,Saline,12.05925
20,KS,20171,Scott,1.814385
20,KS,20173,Sedgwick,12.540328
20,KS,20175,Seward,3.512335
20,KS,20177,Shawnee,12.244937
20,KS,20179,Sheridan,1.353199
20,KS,20181,Sherman,1.480113
20,KS,20183,Smith,5.177609
20,KS,20185,Stafford,8.330145
20,KS,20187,Stanton,1.03657
20,KS,20189,Stevens,4.712178
20,KS,20191,Sumner,13.424429
20,KS,20193,Thomas,1.982774
20,KS,20195,Trego,3.75301
20,KS,20197,Wabaunsee,12.267467
20,KS,20199,Wallace,1.927644
20,KS,20201,Washington,8.816974
20,KS,20203,Wichita,1.18514
20,KS,20205,Wilson,12.409651
20,KS,20207,Woodson,14.967427
20,KS,20209,Wyandotte,15.112113
21,KY,21001,Adair,13.594004
21,KY,21003,Allen,14.695829
21,KY,21005,Anderson,13.630572
21,KY,21007,Ballard,16.032371
21,KY,21009,Barren,16.032388
21,KY,21011,Bath,13.940555
21,KY,21013,Bell,14.927541
21,KY,21015,Boone,15.04507
21,KY,21017,Bourbon,13.315636
21,KY,21019,Boyd,14.374928
21,KY,21021,Boyle,13.837125
21,KY,21023,Bracken,14.808705
21,KY,21025,Breathitt,14.414548
21,KY,21027,Breckinridge,14.394818
21,KY,21029,Bullitt,13.737565
21,KY,21031,Butler,13.421149
21,KY,21033,Caldwell,14.411685
21,KY,21035,Calloway,15.980308
21,KY,21037,Campbell,13.427244
21,KY,21039,Carlisle,16.056048
21,KY,21041,Carroll,13.240508
21,KY,21043,Carter,13.213637
21,KY,21045,Casey,14.137095
21,KY,21047,Christian,14.863122
21,KY,21049,Clark,10.357749
21,KY,21051,Clay,14.195591
21,KY,21053,Clinton,13.590002
21,KY,21055,Crittenden,14.411685
21,KY,21057,Cumberland,13.64044
21,KY,21059,Daviess,16.118265
21,KY,21061,Edmonson,14.08628
21,KY,21063,Elliott,13.558795
21,KY,21065,Estill,10.845568
21,KY,21067,Fayette,13.937695
21,KY,21069,Fleming,13.795394
21,KY,21071,Floyd,10.019087
21,KY,21073,Franklin,13.429551
21,KY,21075,Fulton,16.49015
21,KY,21077,Gallatin,12.870163
21,KY,21079,Garrard,13.255026
21,KY,21081,Grant,12.764169
21,KY,21083,Graves,16.39112
21,KY,21085,Grayson,14.507625
21,KY,21087,Green,15.966756
21,KY,21089,Greenup,13.189283
21,KY,21091,Hancock,13.490652
21,KY,21093,Hardin,14.939914
21,KY,21095,Harlan,14.829805
21,KY,21097,Harrison,13.025938
21,KY,21099,Hart,15.966756
21,KY,21101,Henderson,16.231217
21,KY,21103,Henry,13.441886
21,KY,21105,Hickman,16.49015
21,KY,21107,Hopkins,13.917818
21,KY,21109,Jackson,14.195591
21,KY,21111,Jefferson,14.04508
21,KY,21113,Jessamine,14.521947
21,KY,21115,Johnson,13.163342
21,KY,21117,Kenton,13.427244
21,KY,21119,Knott,14.320448
21,KY,21121,Knox,14.280849
21,KY,21123,Larue,15.197625
21,KY,21125,Laurel,14.548577
21,KY,21127,Lawrence,14.56129
21,KY,21129,Lee,14.085756
21,KY,21131,Leslie,14.444979
21,KY,21133,Letcher,13.842254
21,KY,21135,Lewis,14.955399
21,KY,21137,Lincoln,13.688575
21,KY,21139,Livingston,14.986245
21,KY,21141,Logan,16.629854
21,KY,21143,Lyon,15.942622
21,KY,21145,McCracken,15.030761
21,KY,21147,McCreary,14.901457
21,KY,21149,McLean,15.969284
21,KY,21151,Madison,13.255026
21,KY,21153,Magoffin,14.090889
21,KY,21155,Marion,14.943866
21,KY,21157,Marshall,15.980308
21,KY,21159,Martin,13.088165
21,KY,21161,Mason,13.795394
21,KY,21163,Meade,14.394818
21,KY,21165,Menifee,13.853948
21,KY,21167,Mercer,14.325201
21,KY,21169,Metcalfe,15.187803
21,KY,21171,Monroe,13.64044
21,KY,21173,Montgomery,14.027162
21,KY,21175,Morgan,13.558795
21,KY,21177,Muhlenberg,13.585507
21,KY,21179,Nelson,14.582865
21,KY,21181,Nicholas,14.027162
21,KY,21183,Ohio,13.974022
21,KY,21185,Oldham,14.346005
21,KY,21187,Owen,12.870163
21,KY,21189,Owsley,14.085756
21,KY,21191,Pendleton,12.764169
21,KY,21193,Perry,14.452005
21,KY,21195,Pike,13.67597
21,KY,21197,Powell,13.661415
21,KY,21199,Pulaski,14.531737
21,KY,21201,Robertson,13.025938
21,KY,21203,Rockcastle,14.65132
21,KY,21205,Rowan,13.583643
21,KY,21207,Russell,15.149884
21,KY,21209,Scott,13.068885
21,KY,21211,Shelby,13.737316
21,KY,21213,Simpson,16.770873
21,KY,21215,Spencer,14.582865
21,KY,21217,Taylor,15.235296
21,KY,21219,Todd,16.629854
21,KY,21221,Trigg,16.096822
21,KY,21223,Trimble,14.346005
21,KY,21225,Union,16.636579
21,KY,21227,Warren,14.180287
21,KY,21229,Washington,13.630572
21,KY,21231,Wayne,14.054592
21,KY,21233,Webster,16.446655
21,KY,21235,Whitley,14.856309
21,KY,21237,Wolfe,13.789794
21,KY,21239,Woodford,14.521947
22,LA,22001,Acadia,11.903748
22,LA,22003,Allen,18.294944
22,LA,22005,Ascension,16.813053
22,LA,22007,Assumption,17.029907
22,LA,22009,Avoyelles,17.069089
22,LA,22011,Beauregard,17.618182
22,LA,22013,Bienville,11.933816
22,LA,22015,Bossier,15.440986
22,LA,22017,Caddo,11.713422
22,LA,22019,Calcasieu,16.215385
22,LA,22021,Caldwell,16.358134
22,LA,22023,Cameron,18.817847
22,LA,22025,Catahoula,14.672159
22,LA,22027,Claiborne,11.972678
22,LA,22029,Concordia,16.269969
22,LA,22031,De Soto,15.158858
22,LA,22033,East Baton Rouge,10.408048
22,LA,22035,East Carroll,16.387992
22,LA,22037,East Feliciana,17.87704
22,LA,22039,Evangeline,18.197579
22,LA,22041,Franklin,15.155802
22,LA,22043,Grant,16.406445
22,LA,22045,Iberia,17.717409
22,LA,22047,Iberville,17.617006
22,LA,22049,Jackson,16.19122
22,LA,22051,Jefferson,17.720516
22,LA,22053,Jefferson Davis,15.310646
22,LA,22055,Lafayette,17.980505
22,LA,22057,Lafourche,15.741512
22,LA,22059,La Salle,16.431362
22,LA,22061,Lincoln,13.104556
22,LA,22063,Livingston,18.40255
22,LA,22065,Madison,16.391933
22,LA,22067,Morehouse,16.048393
22,LA,22069,Natchitoches,16.241754
22,LA,22071,Orleans,15.723642
22,LA,22073,Ouachita,15.765473
22,LA,22075,Plaquemines,19.308729
22,LA,22077,Pointe Coupee,17.459081
22,LA,22079,Rapides,17.160076
22,LA,22081,Red River,15.559357
22,LA,22083,Richland,16.168966
22,LA,22085,Sabine,15.514329
22,LA,22087,St. Bernard,18.961293
22,LA,22089,St. Charles,18.183879
22,LA,22091,St. Helena,18.050443
22,LA,22093,St. James,18.340767
22,LA,22095,St. John the Baptist,16.33042
22,LA,22097,St. Landry,17.266356
22,LA,22099,St. Martin,17.43522
22,LA,22101,St. Mary,17.383917
22,LA,22103,St. Tammany,16.934867
22,LA,22105,Tangipahoa,17.962057
22,LA,22107,Tensas,16.418557
22,LA,22109,Terrebonne,15.25392
22,LA,22111,Union,13.739939
22,LA,22113,Vermilion,18.098645
22,LA,22115,Vernon,17.06127
22,LA,22117,Washington,17.515931
22,LA,22119,Webster,15.292482
22,LA,22121,West Baton Rouge,17.618302
22,LA,22123,West Carroll,16.367014
22,LA,22125,West Feliciana,17.333714
22,LA,22127,Winn,11.884178
23,ME,23001,Androscoggin,5.418788
23,ME,23003,Aroostook,2.813508
23,ME,23005,Cumberland,6.091697
23,ME,23007,Franklin,4.069653
23,ME,23009,Hancock,5.097976
23,ME,23011,Kennebec,7.496983
23,ME,23013,Knox,8.372425
23,ME,23015,Lincoln,6.064521
23,ME,23017,Oxford,4.554384
23,ME,23019,Penobscot,4.548111
23,ME,23021,Piscataquis,3.098347
23,ME,23023,Sagadahoc,9.54734
23,ME,23025,Somerset,3.471636
23,ME,23027,Waldo,7.282323
23,ME,23029,Washington,5.946185
23,ME,23031,York,10.076665
24,MD,24001,Allegany,10.202474
24,MD,24003,Anne Arundel,14.85567
24,MD,24005,Baltimore,12.146386
24,MD,24009,Calvert,8.2596
24,MD,24011,Caroline,16.770682
24,MD,24013,Carroll,13.439116
24,MD,24015,Cecil,15.691356
24,MD,24017,Charles,15.39045
24,MD,24019,Dorchester,16.840502
24,MD,24021,Frederick,14.490713
24,MD,24023,Garrett,10.501447
24,MD,24025,Harford,14.053063
24,MD,24027,Howard,15.402813
24,MD,24029,Kent,16.524073
24,MD,24031,Montgomery,15.080548
24,MD,24033,Prince George's,11.99394
24,MD,24035,Queen Anne's,16.524073
24,MD,24037,St. Mary's,8.2596
24,MD,24039,Somerset,18.049085
24,MD,24041,Talbot,16.831126
24,MD,24043,Washington,13.992775
24,MD,24045,Wicomico,17.365922
24,MD,24047,Worcester,18.433935
24,MD,24510,Baltimore,12.146386
25,MA,25001,Barnstable,16.594653
25,MA,25003,Berkshire,7.018584
25,MA,25005,Bristol,3.356552
25,MA,25007,Dukes,4.285563
25,MA,25009,Essex,4.274958
25,MA,25011,Franklin,2.321248
25,MA,25013,Hampden,5.566137
25,MA,25015,Hampshire,8.447096
25,MA,25017,Middlesex,2.62884
25,MA,25019,Nantucket,16.594653
25,MA,25021,Norfolk,9.41449
25,MA,25023,Plymouth,2.772268
25,MA,25025,Suffolk,9.41449
25,MA,25027,Worcester,4.968657
26,MI,26001,Alcona,3.39238
26,MI,26003,Alger,6.636014
26,MI,26005,Allegan,11.798306
26,MI,26007,Alpena,3.657311
26,MI,26009,Antrim,10.29437
26,MI,26011,Arenac,11.10678
26,MI,26013,Baraga,5.867898
26,MI,26015,Barry,10.368485
26,MI,26017,Bay,11.841194
26,MI,26019,Benzie,7.064614
26,MI,26021,Berrien,15.101127
26,MI,26023,Branch,10.735899
26,MI,26025,Calhoun,10.181672
26,MI,26027,Cass,11.640003
26,MI,26029,Charlevoix,10.29437
26,MI,26031,Cheboygan,7.925267
26,MI,26033,Chippewa,6.554614
26,MI,26035,Clare,3.442048
26,MI,26037,Clinton,9.563575
26,MI,26039,Crawford,5.95534
26,MI,26041,Delta,4.531296
26,MI,26043,Dickinson,2.384926
26,MI,26045,Eaton,9.346847
26,MI,26047,Emmet,11.189272
26,MI,26049,Genesee,9.879409
26,MI,26051,Gladwin,9.803421
26,MI,26053,Gogebic,2.099042
26,MI,26055,Grand Traverse,8.59112
26,MI,26057,Gratiot,10.708833
26,MI,26059,Hillsdale,9.866447
26,MI,26061,Houghton,4.869829
26,MI,26063,Huron,13.771673
26,MI,26065,Ingham,9.110208
26,MI,26067,Ionia,6.689708
26,MI,26069,Iosco,6.079426
26,MI,26071,Iron,1.199777
26,MI,26073,Isabella,9.986222
26,MI,26075,Jackson,9.228291
26,MI,26077,Kalamazoo,10.077199
26,MI,26079,Kalkaska,6.811108
26,MI,26081,Kent,10.851314
26,MI,26083,Keweenaw,9.467288
26,MI,26085,Lake,10.164978
26,MI,26087,Lapeer,10.562245
26,MI,26089,Leelanau,7.064614
26,MI,26091,Lenawee,11.884993
26,MI,26093,Livingston,6.354531
26,MI,26095,Luce,3.561069
26,MI,26097,Mackinac,8.734897
26,MI,26099,Macomb,10.460507
26,MI,26101,Manistee,14.209935
26,MI,26103,Marquette,3.831496
26,MI,26105,Mason,10.737016
26,MI,26107,Mecosta,9.585084
26,MI,26109,Menominee,1.170428
26,MI,26111,Midland,11.819578
26,MI,26113,Missaukee,3.038286
26,MI,26115,Monroe,12.690562
26,MI,26117,Montcalm,9.411619
26,MI,26119,Montmorency,6.259001
26,MI,26121,Muskegon,9.003152
26,MI,26123,Newaygo,11.200697
26,MI,26125,Oakland,9.939806
26,MI,26127,Oceana,2.858277
26,MI,26129,Ogemaw,1.572055
26,MI,26131,Ontonagon,3.388511
26,MI,26133,Osceola,6.015714
26,MI,26135,Oscoda,6.367094
26,MI,26137,Otsego,7.270589
26,MI,26139,Ottawa,13.988026
26,MI,26141,Presque Isle,8.484788
26,MI,26143,Roscommon,2.643907
26,MI,26145,Saginaw,10.725771
26,MI,26147,St. Clair,12.682409
26,MI,26149,St. Joseph,10.542002
26,MI,26151,Sanilac,13.756845
26,MI,26153,Schoolcraft,3.966626
26,MI,26155,Shiawassee,7.602883
26,MI,26157,Tuscola,13.216419
26,MI,26159,Van Buren,14.194963
26,MI,26161,Washtenaw,9.402727
26,MI,26163,Wayne,13.309483
26,MI,26165,Wexford,8.255713
27,MN,27001,Aitkin,3.879435
27,MN,27003,Anoka,7.288553
27,MN,27005,Becker,4.050864
27,MN,27007,Beltrami,2.08688
27,MN,27009,Benton,5.389933
27,MN,27011,Big Stone,6.526599
27,MN,27013,Blue Earth,12.31785
27,MN,27015,Brown,12.554024
27,MN,27017,Carlton,0.508123
27,MN,27019,Carver,10.882175
27,MN,27021,Cass,5.283482
27,MN,27023,Chippewa,5.631497
27,MN,27025,Chisago,5.141787
27,MN,27027,Clay,4.490738
27,MN,27029,Clearwater,0.995544
27,MN,27031,Cook,0.899078
27,MN,27033,Cottonwood,9.394145
27,MN,27035,Crow Wing,6.167202
27,MN,27037,Dakota,9.872059
27,MN,27039,Dodge,10.552721
27,MN,27041,Douglas,4.799893
27,MN,27043,Faribault,12.225388
27,MN,27045,Fillmore,9.864651
27,MN,27047,Freeborn,11.961961
27,MN,27049,Goodhue,9.74274
27,MN,27051,Grant,10.471824
27,MN,27053,Hennepin,3.388994
27,MN,27055,Houston,10.085235
27,MN,27057,Hubbard,2.705937
27,MN,27059,Isanti,5.167452
27,MN,27061,Itasca,1.907598
27,MN,27063,Jackson,10.056438
27,MN,27065,Kanabec,4.878025
27,MN,27067,Kandiyohi,6.640877
27,MN,27069,Kittson,5.92765
27,MN,27071,Koochiching,1.366635
27,MN,27073,Lac qui Parle,6.539588
27,MN,27075,Lake,2.66586
27,MN,27077,Lake of the Woods,1.2669
27,MN,27079,Le Sueur,10.696718
27,MN,27081,Lincoln,7.898122
27,MN,27083,Lyon,8.387301
27,MN,27085,McLeod,10.12503
27,MN,27087,Mahnomen,4.608055
27,MN,27089,Marshall,3.619846
27,MN,27091,Martin,11.744406
27,MN,27093,Meeker,6.298165
27,MN,27095,Mille Lacs,5.214415
27,MN,27097,Morrison,7.904178
27,MN,27099,Mower,10.970846
27,MN,27101,Murray,8.816763
27,MN,27103,Nicollet,12.187034
27,MN,27105,Nobles,9.752077
27,MN,27107,Norman,9.195902
27,MN,27109,Olmsted,8.334864
27,MN,27111,Otter Tail,2.331658
27,MN,27113,Pennington,7.411821
27,MN,27115,Pine,7.639629
27,MN,27117,Pipestone,5.946639
27,MN,27119,Polk,3.740394
27,MN,27121,Pope,7.006626
27,MN,27123,Ramsey,11.196716
27,MN,27125,Red Lake,1.89852
27,MN,27127,Redwood,7.028092
27,MN,27129,Renville,8.767588
27,MN,27131,Rice,9.324462
27,MN,27133,Rock,6.131875
27,MN,27135,Roseau,2.59038
27,MN,27137,St. Louis,2.551936
27,MN,27139,Scott,10.882175
27,MN,27141,Sherburne,10.047784
27,MN,27143,Sibley,11.629949
27,MN,27145,Stearns,7.746008
27,MN,27147,Steele,12.049844
27,MN,27149,Stevens,5.503755
27,MN,27151,Swift,7.048105
27,MN,27153,Todd,6.953212
27,MN,27155,Traverse,4.929868
27,MN,27157,Wabasha,9.212403
27,MN,27159,Wadena,8.131707
27,MN,27161,Waseca,11.876194
27,MN,27163,Washington,10.241899
27,MN,27165,Watonwan,10.708822
27,MN,27167,Wilkin,8.79279
27,MN,27169,Winona,10.555016
27,MN,27171,Wright,2.536096
27,MN,27173,Yellow Medicine,7.052801
28,MS,28001,Adams,17.35488
28,MS,28003,Alcorn,16.806605
28,MS,28005,Amite,17.686491
28,MS,28007,Attala,17.044889
28,MS,28009,Benton,17.219255
28,MS,28011,Bolivar,15.545192
28,MS,28013,Calhoun,16.727646
28,MS,28015,Carroll,16.860019
28,MS,28017,Chickasaw,16.700351
28,MS,28019,Choctaw,16.558845
28,MS,28021,Claiborne,16.821978
28,MS,28023,Clarke,17.17029
28,MS,28025,Clay,11.076446
28,MS,28027,Coahoma,15.812072
28,MS,28029,Copiah,17.149497
28,MS,28031,Covington,17.064882
28,MS,28033,DeSoto,17.128336
28,MS,28035,Forrest,16.81936
28,MS,28037,Franklin,17.117849
28,MS,28039,George,15.904711
28,MS,28041,Greene,16.864063
28,MS,28043,Grenada,16.982406
28,MS,28045,Hancock,12.800642
28,MS,28047,Harrison,16.007584
28,MS,28049,Hinds,16.908505
28,MS,28051,Holmes,16.598825
28,MS,28053,Humphreys,15.480741
28,MS,28055,Issaquena,16.024526
28,MS,28057,Itawamba,13.863282
28,MS,28059,Jackson,17.342713
28,MS,28061,Jasper,17.111267
28,MS,28063,Jefferson,17.488064
28,MS,28065,Jefferson Davis,17.064882
28,MS,28067,Jones,16.667369
28,MS,28069,Kemper,16.924561
28,MS,28071,Lafayette,16.639859
28,MS,28073,Lamar,17.256813
28,MS,28075,Lauderdale,15.204642
28,MS,28077,Lawrence,17.125527
28,MS,28079,Leake,16.69806
28,MS,28081,Lee,13.533808
28,MS,28083,Leflore,16.51621
28,MS,28085,Lincoln,17.162519
28,MS,28087,Lowndes,15.149724
28,MS,28089,Madison,16.942962
28,MS,28091,Marion,17.312473
28,MS,28093,Marshall,17.079688
28,MS,28095,Monroe,16.58274
28,MS,28097,Montgomery,16.702856
28,MS,28099,Neshoba,15.305789
28,MS,28101,Newton,16.364208
28,MS,28103,Noxubee,11.149233
28,MS,28105,Oktibbeha,16.892983
28,MS,28107,Panola,16.806567
28,MS,28109,Pearl River,16.731833
28,MS,28111,Perry,16.782543
28,MS,28113,Pike,17.350314
28,MS,28115,Pontotoc,14.901816
28,MS,28117,Prentiss,16.888411
28,MS,28119,Quitman,16.22138
28,MS,28121,Rankin,16.944201
28,MS,28123,Scott,14.208615
28,MS,28125,Sharkey,15.546315
28,MS,28127,Simpson,16.447543
28,MS,28129,Smith,16.632802
28,MS,28131,Stone,15.686275
28,MS,28133,Sunflower,15.707492
28,MS,28135,Tallahatchie,16.316078
28,MS,28137,Tate,16.737355
28,MS,28139,Tippah,17.033031
28,MS,28141,Tishomingo,15.497064
28,MS,28143,Tunica,16.536774
28,MS,28145,Union,16.715343
28,MS,28147,Walthall,17.253119
28,MS,28149,Warren,17.094667
28,MS,28151,Washington,15.227031
28,MS,28153,Wayne,17.337691
28,MS,28155,Webster,16.242305
28,MS,28157,Wilkinson,17.462503
28,MS,28159,Winston,17.055274
28,MS,28161,Yalobusha,16.962344
28,MS,28163,Yazoo,17.044556
29,MO,29001,Adair,14.52383
29,MO,29003,Andrew,13.060606
29,MO,29005,Atchison,12.764288
29,MO,29007,Audrain,15.629435
29,MO,29009,Barry,11.313216
29,MO,29011,Barton,14.620348
29,MO,29013,Bates,14.83277
29,MO,29015,Benton,12.499803
29,MO,29017,Bollinger,12.668015
29,MO,29019,Boone,14.369248
29,MO,29021,Buchanan,12.229943
29,MO,29023,Butler,11.367637
29,MO,29025,Caldwell,13.521291
29,MO,29027,Callaway,12.487663
29,MO,29029,Camden,12.334519
29,MO,29031,Cape Girardeau,11.535097
29,MO,29033,Carroll,14.806241
29,MO,29035,Carter,12.134088
29,MO,29037,Cass,14.721019
29,MO,29039,Cedar,15.120285
29,MO,29041,Chariton,15.442239
29,MO,29043,Christian,13.16328
29,MO,29045,Clark,14.09127
29,MO,29047,Clay,11.868435
29,MO,29049,Clinton,13.368361
29,MO,29051,Cole,12.412236
29,MO,29053,Cooper,10.928455
29,MO,29055,Crawford,12.30538
29,MO,29057,Dade,13.142428
29,MO,29059,Dallas,11.006314
29,MO,29061,Daviess,13.757008
29,MO,29063,DeKalb,14.645726
29,MO,29065,Dent,12.950355
29,MO,29067,Douglas,11.928186
29,MO,29069,Dunklin,14.239705
29,MO,29071,Franklin,12.797473
29,MO,29073,Gasconade,13.118475
29,MO,29075,Gentry,13.955005
29,MO,29077,Greene,12.937735
29,MO,29079,Grundy,13.283477
29,MO,29081,Harrison,12.983957
29,MO,29083,Henry,13.975721
29,MO,29085,Hickory,10.932461
29,MO,29087,Holt,12.950395
29,MO,29089,Howard,11.007667
29,MO,29091,Howell,8.791587
29,MO,29093,Iron,12.902435
29,MO,29095,Jackson,12.281669
29,MO,29097,Jasper,15.395311
29,MO,29099,Jefferson,13.001329
29,MO,29101,Johnson,13.519152
29,MO,29103,Knox,15.086072
29,MO,29105,Laclede,12.497818
29,MO,29107,Lafayette,14.413729
29,MO,29109,Lawrence,11.206593
29,MO,29111,Lewis,13.797204
29,MO,29113,Lincoln,14.406767
29,MO,29115,Linn,14.998472
29,MO,29117,Livingston,13.732709
29,MO,29119,McDonald,12.172286
29,MO,29121,Macon,14.022646
29,MO,29123,Madison,12.522876
29,MO,29125,Maries,12.371828
29,MO,29127,Marion,11.956322
29,MO,29129,Mercer,14.227817
29,MO,29131,Miller,11.75981
29,MO,29133,Mississippi,15.930008
29,MO,29135,Moniteau,12.412236
29,MO,29137,Monroe,14.308306
29,MO,29139,Montgomery,11.527761
29,MO,29141,Morgan,11.467871
29,MO,29143,New Madrid,15.83253
29,MO,29145,Newton,11.21988
29,MO,29147,Nodaway,13.862247
29,MO,29149,Oregon,10.67401
29,MO,29151,Osage,12.61696
29,MO,29153,Ozark,9.671746
29,MO,29155,Pemiscot,15.889595
29,MO,29157,Perry,12.577177
29,MO,29159,Pettis,11.268922
29,MO,29161,Phelps,12.117025
29,MO,29163,Pike,12.492806
29,MO,29165,Platte,13.030258
29,MO,29167,Polk,10.948816
29,MO,29169,Pulaski,12.928195
29,MO,29171,Putnam,13.915743
29,MO,29173,Ralls,14.927044
29,MO,29175,Randolph,15.213649
29,MO,29177,Ray,13.222804
29,MO,29179,Reynolds,12.458109
29,MO,29181,Ripley,12.262862
29,MO,29183,St. Charles,15.029197
29,MO,29185,St. Clair,14.150041
29,MO,29186,Ste. Genevieve,13.56952
29,MO,29187,St. Francois,12.735433
29,MO,29189,St. Louis,14.809811
29,MO,29195,Saline,14.86697
29,MO,29197,Schuyler,14.683624
29,MO,29199,Scotland,14.669332
29,MO,29201,Scott,14.613702
29,MO,29203,Shannon,12.882675
29,MO,29205,Shelby,15.29152
29,MO,29207,Stoddard,12.97517
29,MO,29209,Stone,11.954007
29,MO,29211,Sullivan,13.649608
29,MO,29213,Taney,10.823771
29,MO,29215,Texas,11.035003
29,MO,29217,Vernon,15.34169
29,MO,29219,Warren,14.428867
29,MO,29221,Washington,12.185839
29,MO,29223,Wayne,12.502793
29,MO,29225,Webster,10.521558
29,MO,29227,Worth,13.811045
29,MO,29229,Wright,13.087759
29,MO,29510,St. Louis,15.421723
30,MT,30001,Beaverhead,0.130828
30,MT,30003,Big Horn,1.253328
30,MT,30005,Blaine,0.896194
30,MT,30007,Broadwater,0.680808
30,MT,30009,Carbon,0.890368
30,MT,30011,Carter,1.064358
30,MT,30013,Cascade,1.198556
30,MT,30015,Chouteau,1.119706
30,MT,30017,Custer,0.590016
30,MT,30019,Daniels,1.744701
30,MT,30021,Dawson,0.578786
30,MT,30023,Deer Lodge,0.317137
30,MT,30025,Fallon,0.805564
30,MT,30027,Fergus,1.744452
30,MT,30029,Flathead,1.210703
30,MT,30031,Gallatin,1.663715
30,MT,30033,Garfield,1.332455
30,MT,30035,Glacier,0.667204
30,MT,30037,Golden Valley,0.64345
30,MT,30039,Granite,0.771033
30,MT,30041,Hill,0.683902
30,MT,30043,Jefferson,0.485252
30,MT,30045,Judith Basin,0.841859
30,MT,30047,Lake,2.540485
30,MT,30049,Lewis and Clark,0.373173
30,MT,30051,Liberty,0.274313
30,MT,30053,Lincoln,0.842854
30,MT,30055,McCone,0.446325
30,MT,30057,Madison,0.730609
30,MT,30059,Meagher,0.256567
30,MT,30061,Mineral,1.714684
30,MT,30063,Missoula,2.131892
30,MT,30065,Musselshell,0.733101
30,MT,30067,Park,0.187005
30,MT,30069,Petroleum,1.032985
30,MT,30071,Phillips,1.237973
30,MT,30073,Pondera,1.048394
30,MT,30075,Powder River,0.731221
30,MT,30077,Powell,1.236733
30,MT,30079,Prairie,1.291849
30,MT,30081,Ravalli,0.352913
30,MT,30083,Richland,0.410089
30,MT,30085,Roosevelt,1.142334
30,MT,30087,Rosebud,1.112592
30,MT,30089,Sanders,2.348282
30,MT,30091,Sheridan,0.592548
30,MT,30093,Silver Bow,0.141018
30,MT,30095,Stillwater,0.401889
30,MT,30097,Sweet Grass,0.433494
30,MT,30099,Teton,1.800682
30,MT,30101,Toole,0.739002
30,MT,30103,Treasure,1.275089
30,MT,30105,Valley,1.552877
30,MT,30107,Wheatland,0.455249
30,MT,30109,Wibaux,0.341567
30,MT,30111,Yellowstone,1.311644
31,NE,31001,Adams,9.18595
31,NE,31003,Antelope,8.005243
31,NE,31005,Arthur,5.136653
31,NE,31007,Banner,0.300746
31,NE,31009,Blaine,9.208627
31,NE,31011,Boone,10.644688
31,NE,31013,Box Butte,2.577443
31,NE,31015,Boyd,2.793501
31,NE,31017,Brown,7.663728
31,NE,31019,Buffalo,5.915968
31,NE,31021,Burt,12.428412
31,NE,31023,Butler,11.469728
31,NE,31025,Cass,11.856738
31,NE,31027,Cedar,8.454159
31,NE,31029,Chase,1.770268
31,NE,31031,Cherry,6.231797
31,NE,31033,Cheyenne,0.673816
31,NE,31035,Clay,9.732709
31,NE,31037,Colfax,9.420419
31,NE,31039,Cuming,9.176405
31,NE,31041,Custer,5.727708
31,NE,31043,Dakota,7.82995
31,NE,31045,Dawes,1.5143
31,NE,31047,Dawson,5.890326
31,NE,31049,Deuel,3.409638
31,NE,31051,Dixon,9.917142
31,NE,31053,Dodge,11.099997
31,NE,31055,Douglas,10.026595
31,NE,31057,Dundy,7.267951
31,NE,31059,Fillmore,12.556414
31,NE,31061,Franklin,7.739129
31,NE,31063,Frontier,4.185378
31,NE,31065,Furnas,6.46485
31,NE,31067,Gage,13.581913
31,NE,31069,Garden,8.215211
31,NE,31071,Garfield,8.066538
31,NE,31073,Gosper,6.679079
31,NE,31075,Grant,5.357708
31,NE,31077,Greeley,6.107524
31,NE,31079,Hall,10.665495
31,NE,31081,Hamilton,10.308472
31,NE,31083,Harlan,7.387488
31,NE,31085,Hayes,2.472746
31,NE,31087,Hitchcock,3.649164
31,NE,31089,Holt,6.860522
31,NE,31091,Hooker,6.519146
31,NE,31093,Howard,8.87392
31,NE,31095,Jefferson,9.727404
31,NE,31097,Johnson,12.604006
31,NE,31099,Kearney,12.763331
31,NE,31101,Keith,2.352101
31,NE,31103,Keya Paha,5.747027
31,NE,31105,Kimball,0.315631
31,NE,31107,Knox,6.321736
31,NE,31109,Lancaster,12.251986
31,NE,31111,Lincoln,4.410217
31,NE,31113,Logan,6.30409
31,NE,31115,Loup,12.0546
31,NE,31117,McPherson,5.594973
31,NE,31119,Madison,12.580562
31,NE,31121,Merrick,12.840821
31,NE,31123,Morrill,1.563587
31,NE,31125,Nance,8.918747
31,NE,31127,Nemaha,13.376333
31,NE,31129,Nuckolls,9.691753
31,NE,31131,Otoe,14.561858
31,NE,31133,Pawnee,13.084161
31,NE,31135,Perkins,4.981254
31,NE,31137,Phelps,6.975583
31,NE,31139,Pierce,10.441974
31,NE,31141,Platte,10.809459
31,NE,31143,Polk,11.691295
31,NE,31145,Red Willow,4.437037
31,NE,31147,Richardson,13.138344
31,NE,31149,Rock,8.475531
31,NE,31151,Saline,11.670693
31,NE,31153,Sarpy,10.026595
31,NE,31155,Saunders,10.766107
31,NE,31157,Scotts Bluff,0.488732
31,NE,31159,Seward,11.087033
31,NE,31161,Sheridan,7.424048
31,NE,31163,Sherman,5.797048
31,NE,31165,Sioux,1.505416
31,NE,31167,Stanton,8.016541
31,NE,31169,Thayer,11.911845
31,NE,31171,Thomas,7.952174
31,NE,31173,Thurston,9.423572
31,NE,31175,Valley,4.422666
31,NE,31177,Washington,11.015976
31,NE,31179,Wayne,8.128451
31,NE,31181,Webster,8.147193
31,NE,31183,Wheeler,9.685059
31,NE,31185,York,12.385132
32,NV,32001,Churchill,0.424308
32,NV,32003,Clark,0.021171
32,NV,32005,Douglas,0.307994
32,NV,32007,Elko,0.393128
32,NV,32009,Esmeralda,0.120172
32,NV,32011,Eureka,0.333886
32,NV,32013,Humboldt,0.565631
32,NV,32015,Lander,0.724198
32,NV,32017,Lincoln,0.266695
32,NV,32019,Lyon,0.962085
32,NV,32021,Mineral,0.25329
32,NV,32023,Nye,0.170437
32,NV,32027,Pershing,0.24519
32,NV,32029,Storey,0.005708
32,NV,32031,Washoe,0.39381
32,NV,32033,White Pine,0.119643
32,NV,32510,Carson City,0.032449
33,NH,33001,Belknap,1.400103
33,NH,33003,Carroll,6.645276
33,NH,33005,Cheshire,7.292131
33,NH,33007,Coos,2.532276
33,NH,33009,Grafton,3.299399
33,NH,33011,Hillsborough,7.779844
33,NH,33013,Merrimack,6.71116
33,NH,33015,Rockingham,7.014465
33,NH,33017,Strafford,11.120487
33,NH,33019,Sullivan,4.156293
34,NJ,34001,Atlantic,8.184005
34,NJ,34003,Bergen,10.545427
34,NJ,34005,Burlington,15.653724
34,NJ,34007,Camden,15.045662
34,NJ,34009,Cape May,8.184005
34,NJ,34011,Cumberland,9.583282
34,NJ,34013,Essex,12.061468
34,NJ,34015,Gloucester,13.624489
34,NJ,34017,Hudson,12.061468
34,NJ,34019,Hunterdon,13.980413
34,NJ,34021,Mercer,13.980413
34,NJ,34023,Middlesex,8.315149
34,NJ,34025,Monmouth,2.208779
34,NJ,34027,Morris,9.31429
34,NJ,34029,Ocean,7.24471
34,NJ,34031,Passaic,4.021709
34,NJ,34033,Salem,5.854156
34,NJ,34035,Somerset,14.513253
34,NJ,34037,Sussex,3.493314
34,NJ,34039,Union,10.319031
34,NJ,34041,Warren,12.569338
35,NM,35001,Bernalillo,2.5295
35,NM,35003,Catron,1.33654
35,NM,35005,Chaves,0.488989
35,NM,35006,Cibola,0.565102
35,NM,35007,Colfax,1.524192
35,NM,35009,Curry,2.960534
35,NM,35011,De Baca,0.698694
35,NM,35013,Doa Ana,0.363295
35,NM,35015,Eddy,0.234067
35,NM,35017,Grant,1.212069
35,NM,35019,Guadalupe,0.328791
35,NM,35021,Harding,1.90645
35,NM,35023,Hidalgo,0.188327
35,NM,35025,Lea,0.421125
35,NM,35027,Lincoln,0.571446
35,NM,35028,Los Alamos,6.465302
35,NM,35029,Luna,0.418008
35,NM,35031,McKinley,0.48843
35,NM,35033,Mora,1.859269
35,NM,35035,Otero,0.805868
35,NM,35037,Quay,1.444535
35,NM,35039,Rio Arriba,2.706227
35,NM,35041,Roosevelt,1.534689
35,NM,35043,Sandoval,2.327235
35,NM,35045,San Juan,1.104047
35,NM,35047,San Miguel,0.862332
35,NM,35049,Santa Fe,3.427811
35,NM,35051,Sierra,0.31259
35,NM,35053,Socorro,0.364187
35,NM,35055,Taos,1.534516
35,NM,35057,Torrance,1.077384
35,NM,35059,Union,0.905123
35,NM,35061,Valencia,1.332438
36,NY,36001,Albany,10.818878
36,NY,36003,Allegany,3.933165
36,NY,36005,Bronx,10.545427
36,NY,36007,Broome,5.369353
36,NY,36009,Cattaraugus,3.702715
36,NY,36011,Cayuga,10.364528
36,NY,36013,Chautauqua,7.862094
36,NY,36015,Chemung,5.718739
36,NY,36017,Chenango,4.651699
36,NY,36019,Clinton,5.367257
36,NY,36021,Columbia,5.091557
36,NY,36023,Cortland,4.624974
36,NY,36025,Delaware,4.26307
36,NY,36027,Dutchess,9.006467
36,NY,36029,Erie,8.183821
36,NY,36031,Essex,3.161505
36,NY,36033,Franklin,3.656839
36,NY,36035,Fulton,4.851625
36,NY,36037,Genesee,13.079496
36,NY,36039,Greene,2.620858
36,NY,36041,Hamilton,2.660493
36,NY,36043,Herkimer,5.100138
36,NY,36045,Jefferson,5.346593
36,NY,36047,Kings,2.308844
36,NY,36049,Lewis,5.55493
36,NY,36051,Livingston,7.0208
36,NY,36053,Madison,5.532475
36,NY,36055,Monroe,10.912869
36,NY,36057,Montgomery,6.712246
36,NY,36059,Nassau,2.308844
36,NY,36061,New York,12.061468
36,NY,36063,Niagara,10.478424
36,NY,36065,Oneida,5.162214
36,NY,36067,Onondaga,5.492541
36,NY,36069,Ontario,13.691622
36,NY,36071,Orange,8.855661
36,NY,36073,Orleans,15.535755
36,NY,36075,Oswego,9.712215
36,NY,36077,Otsego,4.561135
36,NY,36079,Putnam,8.931537
36,NY,36081,Queens,2.308844
36,NY,36083,Rensselaer,6.144654
36,NY,36085,Richmond,10.319031
36,NY,36087,Rockland,10.545427
36,NY,36089,St. Lawrence,5.569079
36,NY,36091,Saratoga,9.423977
36,NY,36093,Schenectady,9.90315
36,NY,36095,Schoharie,6.647418
36,NY,36097,Schuyler,6.083092
36,NY,36099,Seneca,8.216557
36,NY,36101,Steuben,4.526743
36,NY,36103,Suffolk,13.514089
36,NY,36105,Sullivan,7.792816
36,NY,36107,Tioga,5.310667
36,NY,36109,Tompkins,6.450112
36,NY,36111,Ulster,5.848517
36,NY,36113,Warren,4.88852
36,NY,36115,Washington,5.295771
36,NY,36117,Wayne,13.27791
36,NY,36119,Westchester,8.931537
36,NY,36121,Wyoming,7.338846
36,NY,36123,Yates,8.787084
37,NC,37001,Alamance,10.079385
37,NC,37003,Alexander,9.132491
37,NC,37005,Alleghany,15.051188
37,NC,37007,Anson,15.02757
37,NC,37009,Ashe,11.486086
37,NC,37011,Avery,11.695748
37,NC,37013,Beaufort,17.542261
37,NC,37015,Bertie,17.126816
37,NC,37017,Bladen,13.589741
37,NC,37019,Brunswick,18.357759
37,NC,37021,Buncombe,9.810686
37,NC,37023,Burke,9.932945
37,NC,37025,Cabarrus,9.647959
37,NC,37027,Caldwell,10.953925
37,NC,37029,Camden,15.857927
37,NC,37031,Carteret,19.228387
37,NC,37033,Caswell,10.262568
37,NC,37035,Catawba,9.264073
37,NC,37037,Chatham,12.398802
37,NC,37039,Cherokee,14.893236
37,NC,37041,Chowan,16.816365
37,NC,37043,Clay,15.736129
37,NC,37045,Cleveland,9.718819
37,NC,37047,Columbus,17.37853
37,NC,37049,Craven,17.48832
37,NC,37051,Cumberland,16.202587
37,NC,37053,Currituck,15.857927
37,NC,37055,Dare,15.79861
37,NC,37057,Davidson,9.203761
37,NC,37059,Davie,13.967072
37,NC,37061,Duplin,16.674533
37,NC,37063,Durham,15.038781
37,NC,37065,Edgecombe,7.397149
37,NC,37067,Forsyth,9.175348
37,NC,37069,Franklin,9.026623
37,NC,37071,Gaston,8.987678
37,NC,37073,Gates,16.816365
37,NC,37075,Graham,14.300552
37,NC,37077,Granville,14.727747
37,NC,37079,Greene,16.683793
37,NC,37081,Guilford,8.441715
37,NC,37083,Halifax,11.924479
37,NC,37085,Harnett,15.153696
37,NC,37087,Haywood,11.793066
37,NC,37089,Henderson,9.720355
37,NC,37091,Hertford,16.666298
37,NC,37093,Hoke,15.261279
37,NC,37095,Hyde,17.112335
37,NC,37097,Iredell,8.512359
37,NC,37099,Jackson,10.513733
37,NC,37101,Johnston,15.938886
37,NC,37103,Jones,14.030767
37,NC,37105,Lee,15.54523
37,NC,37107,Lenoir,17.001743
37,NC,37109,Lincoln,8.199146
37,NC,37111,McDowell,17.440835
37,NC,37113,Macon,16.275169
37,NC,37115,Madison,8.096601
37,NC,37117,Martin,16.610514
37,NC,37119,Mecklenburg,9.051951
37,NC,37121,Mitchell,10.612106
37,NC,37123,Montgomery,12.278914
37,NC,37125,Moore,14.803226
37,NC,37127,Nash,15.863424
37,NC,37129,New Hanover,17.242283
37,NC,37131,Northampton,16.037745
37,NC,37133,Onslow,17.520077
37,NC,37135,Orange,14.317773
37,NC,37137,Pamlico,18.151285
37,NC,37139,Pasquotank,17.881791
37,NC,37141,Pender,15.938045
37,NC,37143,Perquimans,17.881791
37,NC,37145,Person,14.767283
37,NC,37147,Pitt,16.29121
37,NC,37149,Polk,9.74967
37,NC,37151,Randolph,12.04326
37,NC,37153,Richmond,14.970637
37,NC,37155,Robeson,16.848521
37,NC,37157,Rockingham,8.951086
37,NC,37159,Rowan,9.435844
37,NC,37161,Rutherford,9.588395
37,NC,37163,Sampson,16.515498
37,NC,37165,Scotland,7.97319
37,NC,37167,Stanly,10.210288
37,NC,37169,Stokes,13.62944
37,NC,37171,Surry,9.606021
37,NC,37173,Swain,14.126352
37,NC,37175,Transylvania,12.033564
37,NC,37177,Tyrrell,15.638325
37,NC,37179,Union,9.087942
37,NC,37181,Vance,8.71441
37,NC,37183,Wake,12.321706
37,NC,37185,Warren,8.486027
37,NC,37187,Washington,18.183994
37,NC,37189,Watauga,11.486086
37,NC,37191,Wayne,12.214138
37,NC,37193,Wilkes,11.807391
37,NC,37195,Wilson,7.666755
37,NC,37197,Yadkin,13.967072
37,NC,37199,Yancey,10.612106
38,ND,38001,Adams,0.706371
38,ND,38003,Barnes,1.046287
38,ND,38005,Benson,2.502309
38,ND,38007,Billings,0.108458
38,ND,38009,Bottineau,1.423389
38,ND,38011,Bowman,0.844232
38,ND,38013,Burke,0.286338
38,ND,38015,Burleigh,0.571202
38,ND,38017,Cass,1.682779
38,ND,38019,Cavalier,1.985286
38,ND,38021,Dickey,3.736759
38,ND,38023,Divide,0.628097
38,ND,38025,Dunn,0.166248
38,ND,38027,Eddy,4.967956
38,ND,38029,Emmons,1.213249
38,ND,38031,Foster,2.054845
38,ND,38033,Golden Valley,0.236396
38,ND,38035,Grand Forks,4.741447
38,ND,38037,Grant,0.429949
38,ND,38039,Griggs,1.208031
38,ND,38041,Hettinger,0.944839
38,ND,38043,Kidder,2.742067
38,ND,38045,LaMoure,4.845857
38,ND,38047,Logan,1.717858
38,ND,38049,McHenry,2.762018
38,ND,38051,McIntosh,1.61191
38,ND,38053,McKenzie,0.218622
38,ND,38055,McLean,1.080764
38,ND,38057,Mercer,0.279553
38,ND,38059,Morton,0.587731
38,ND,38061,Mountrail,0.217463
38,ND,38063,Nelson,2.178087
38,ND,38065,Oliver,0.33434
38,ND,38067,Pembina,1.790753
38,ND,38069,Pierce,1.761117
38,ND,38071,Ramsey,2.019318
38,ND,38073,Ransom,3.073969
38,ND,38075,Renville,0.282944
38,ND,38077,Richland,5.418573
38,ND,38079,Rolette,1.788298
38,ND,38081,Sargent,2.536078
38,ND,38083,Sheridan,1.754885
38,ND,38085,Sioux,1.019741
38,ND,38087,Slope,1.111611
38,ND,38089,Stark,0.61772
38,ND,38091,Steele,2.107935
38,ND,38093,Stutsman,1.093062
38,ND,38095,Towner,1.359789
38,ND,38097,Traill,5.081581
38,ND,38099,Walsh,1.979505
38,ND,38101,Ward,0.693063
38,ND,38103,Wells,1.106263
38,ND,38105,Williams,0.120376
39,OH,39001,Adams,14.267948
39,OH,39003,Allen,14.163239
39,OH,39005,Ashland,12.029445
39,OH,39007,Ashtabula,13.389243
39,OH,39009,Athens,12.45151
39,OH,39011,Auglaize,14.224525
39,OH,39013,Belmont,11.655291
39,OH,39015,Brown,14.655574
39,OH,39017,Butler,13.111385
39,OH,39019,Carroll,11.367169
39,OH,39021,Champaign,14.592295
39,OH,39023,Clark,14.729874
39,OH,39025,Clermont,15.549954
39,OH,39027,Clinton,13.416221
39,OH,39029,Columbiana,10.627964
39,OH,39031,Coshocton,11.966948
39,OH,39033,Crawford,13.348504
39,OH,39035,Cuyahoga,6.172516
39,OH,39037,Darke,13.652982
39,OH,39039,Defiance,13.855435
39,OH,39041,Delaware,13.30668
39,OH,39043,Erie,13.046034
39,OH,39045,Fairfield,12.425757
39,OH,39047,Fayette,14.954775
39,OH,39049,Franklin,14.202214
39,OH,39051,Fulton,14.267208
39,OH,39053,Gallia,12.840911
39,OH,39055,Geauga,9.168074
39,OH,39057,Greene,14.939952
39,OH,39059,Guernsey,12.332722
39,OH,39061,Hamilton,11.027547
39,OH,39063,Hancock,14.125997
39,OH,39065,Hardin,14.354385
39,OH,39067,Harrison,11.367169
39,OH,39069,Henry,13.80222
39,OH,39071,Highland,13.348011
39,OH,39073,Hocking,12.425757
39,OH,39075,Holmes,11.683324
39,OH,39077,Huron,16.885905
39,OH,39079,Jackson,12.6933
39,OH,39081,Jefferson,11.367169
39,OH,39083,Knox,12.983438
39,OH,39085,Lake,13.374984
39,OH,39087,Lawrence,13.077181
39,OH,39089,Licking,11.221861
39,OH,39091,Logan,14.546492
39,OH,39093,Lorain,11.22485
39,OH,39095,Lucas,10.991743
39,OH,39097,Madison,14.810888
39,OH,39099,Mahoning,6.121635
39,OH,39101,Marion,14.120231
39,OH,39103,Medina,8.298226
39,OH,39105,Meigs,14.602826
39,OH,39107,Mercer,13.927215
39,OH,39109,Miami,14.850797
39,OH,39111,Monroe,12.131812
39,OH,39113,Montgomery,14.846805
39,OH,39115,Morgan,12.033626
39,OH,39117,Morrow,13.863376
39,OH,39119,Muskingum,12.683626
39,OH,39121,Noble,12.502981
39,OH,39123,Ottawa,9.001315
39,OH,39125,Paulding,13.97283
39,OH,39127,Perry,13.476092
39,OH,39129,Pickaway,14.698835
39,OH,39131,Pike,13.260505
39,OH,39133,Portage,10.456035
39,OH,39135,Preble,14.577412
39,OH,39137,Putnam,13.875702
39,OH,39139,Richland,13.55453
39,OH,39141,Ross,14.629657
39,OH,39143,Sandusky,13.589693
39,OH,39145,Scioto,14.006929
39,OH,39147,Seneca,13.046034
39,OH,39149,Shelby,13.844007
39,OH,39151,Stark,11.008716
39,OH,39153,Summit,11.378484
39,OH,39155,Trumbull,10.537426
39,OH,39157,Tuscarawas,11.418602
39,OH,39159,Union,14.481316
39,OH,39161,Van Wert,13.775688
39,OH,39163,Vinton,13.481838
39,OH,39165,Warren,13.383341
39,OH,39167,Washington,12.594704
39,OH,39169,Wayne,10.795932
39,OH,39171,Williams,11.812158
39,OH,39173,Wood,13.710291
39,OH,39175,Wyandot,14.120231
40,OK,40001,Adair,16.104346
40,OK,40003,Alfalfa,7.823571
40,OK,40005,Atoka,14.138012
40,OK,40007,Beaver,7.610519
40,OK,40009,Beckham,9.590776
40,OK,40011,Blaine,5.836194
40,OK,40013,Bryan,14.848869
40,OK,40015,Caddo,10.581941
40,OK,40017,Canadian,12.95049
40,OK,40019,Carter,14.244134
40,OK,40021,Cherokee,12.189104
40,OK,40023,Choctaw,15.154005
40,OK,40025,Cimarron,0.922243
40,OK,40027,Cleveland,13.015377
40,OK,40029,Coal,12.316682
40,OK,40031,Comanche,9.855801
40,OK,40033,Cotton,11.744672
40,OK,40035,Craig,13.167051
40,OK,40037,Creek,11.795736
40,OK,40039,Custer,5.454256
40,OK,40041,Delaware,11.832606
40,OK,40043,Dewey,6.714762
40,OK,40045,Ellis,5.831046
40,OK,40047,Garfield,9.308776
40,OK,40049,Garvin,14.025582
40,OK,40051,Grady,11.885081
40,OK,40053,Grant,12.159269
40,OK,40055,Greer,11.744984
40,OK,40057,Harmon,5.042159
40,OK,40059,Harper,4.306897
40,OK,40061,Haskell,11.060843
40,OK,40063,Hughes,11.402317
40,OK,40065,Jackson,11.39455
40,OK,40067,Jefferson,12.313878
40,OK,40069,Johnston,15.467378
40,OK,40071,Kay,12.488111
40,OK,40073,Kingfisher,10.582808
40,OK,40075,Kiowa,11.764008
40,OK,40077,Latimer,12.432694
40,OK,40079,Le Flore,10.930042
40,OK,40081,Lincoln,12.217088
40,OK,40083,Logan,12.368206
40,OK,40085,Love,13.049241
40,OK,40087,McClain,12.060962
40,OK,40089,McCurtain,14.05294
40,OK,40091,McIntosh,15.870628
40,OK,40093,Major,3.164425
40,OK,40095,Marshall,14.194667
40,OK,40097,Mayes,12.755506
40,OK,40099,Murray,8.733666
40,OK,40101,Muskogee,13.17913
40,OK,40103,Noble,11.873913
40,OK,40105,Nowata,10.454917
40,OK,40107,Okfuskee,12.320164
40,OK,40109,Oklahoma,9.866441
40,OK,40111,Okmulgee,11.652487
40,OK,40113,Osage,12.080061
40,OK,40115,Ottawa,12.096546
40,OK,40117,Pawnee,13.884586
40,OK,40119,Payne,11.526062
40,OK,40121,Pittsburg,13.13695
40,OK,40123,Pontotoc,15.392142
40,OK,40125,Pottawatomie,11.696059
40,OK,40127,Pushmataha,12.396466
40,OK,40129,Roger Mills,9.982201
40,OK,40131,Rogers,11.282446
40,OK,40133,Seminole,14.188001
40,OK,40135,Sequoyah,12.321061
40,OK,40137,Stephens,10.848355
40,OK,40139,Texas,2.308868
40,OK,40141,Tillman,11.687523
40,OK,40143,Tulsa,14.261711
40,OK,40145,Wagoner,12.454688
40,OK,40147,Washington,10.534376
40,OK,40149,Washita,7.812542
40,OK,40151,Woods,6.601198
40,OK,40153,Woodward,5.1376
41,OR,41001,Baker,0.392744
41,OR,41003,Benton,14.795764
41,OR,41005,Clackamas,9.847951
41,OR,41007,Clatsop,19.7964
41,OR,41009,Columbia,17.529543
41,OR,41011,Coos,16.305364
41,OR,41013,Crook,0.545296
41,OR,41015,Curry,12.162262
41,OR,41017,Deschutes,0.043152
41,OR,41019,Douglas,8.074799
41,OR,41021,Gilliam,3.333749
41,OR,41023,Grant,0.144509
41,OR,41025,Harney,0.697359
41,OR,41027,Hood River,8.12617
41,OR,41029,Jackson,1.442448
41,OR,41031,Jefferson,0.584107
41,OR,41033,Josephine,3.268752
41,OR,41035,Klamath,0.051875
41,OR,41037,Lake,0.255649
41,OR,41039,Lane,11.050589
41,OR,41041,Lincoln,13.850149
41,OR,41043,Linn,12.230916
41,OR,41045,Malheur,0.382638
41,OR,41047,Marion,9.783424
41,OR,41049,Morrow,3.244521
41,OR,41051,Multnomah,17.405138
41,OR,41053,Polk,12.882891
41,OR,41055,Sherman,2.319512
41,OR,41057,Tillamook,17.763855
41,OR,41059,Umatilla,5.543677
41,OR,41061,Union,2.791143
41,OR,41063,Wallowa,2.437039
41,OR,41065,Wasco,1.511246
41,OR,41067,Washington,18.229789
41,OR,41069,Wheeler,0.85403
41,OR,41071,Yamhill,14.197657
42,PA,42001,Adams,11.863232
42,PA,42003,Allegheny,11.997368
42,PA,42005,Armstrong,9.10093
42,PA,42007,Beaver,12.0469
42,PA,42009,Bedford,8.805225
42,PA,42011,Berks,12.660323
42,PA,42013,Blair,9.072896
42,PA,42015,Bradford,5.977435
42,PA,42017,Bucks,14.398846
42,PA,42019,Butler,11.206051
42,PA,42021,Cambria,9.355456
42,PA,42023,Cameron,6.599802
42,PA,42025,Carbon,9.6656
42,PA,42027,Centre,7.809157
42,PA,42029,Chester,14.995165
42,PA,42031,Clarion,8.764967
42,PA,42033,Clearfield,8.008842
42,PA,42035,Clinton,6.607527
42,PA,42037,Columbia,7.134094
42,PA,42039,Crawford,10.680583
42,PA,42041,Cumberland,12.788936
42,PA,42043,Dauphin,10.632706
42,PA,42045,Delaware,15.340323
42,PA,42047,Elk,6.882762
42,PA,42049,Erie,8.579515
42,PA,42051,Fayette,11.952933
42,PA,42053,Forest,6.831579
42,PA,42055,Franklin,13.909775
42,PA,42057,Fulton,11.476516
42,PA,42059,Greene,12.320224
42,PA,42061,Huntingdon,11.044971
42,PA,42063,Indiana,9.925533
42,PA,42065,Jefferson,8.079345
42,PA,42067,Juniata,8.606909
42,PA,42069,Lackawanna,6.753619
42,PA,42071,Lancaster,14.512266
42,PA,42073,Lawrence,7.770985
42,PA,42075,Lebanon,14.763396
42,PA,42077,Lehigh,14.071243
42,PA,42079,Luzerne,6.95354
42,PA,42081,Lycoming,8.103792
42,PA,42083,McKean,4.869476
42,PA,42085,Mercer,9.866764
42,PA,42087,Mifflin,10.716581
42,PA,42089,Monroe,11.913531
42,PA,42091,Montgomery,13.95675
42,PA,42093,Montour,8.927011
42,PA,42095,Northampton,14.168626
42,PA,42097,Northumberland,8.94256
42,PA,42099,Perry,10.722028
42,PA,42101,Philadelphia,15.655249
42,PA,42103,Pike,8.565384
42,PA,42105,Potter,4.526956
42,PA,42107,Schuylkill,10.810832
42,PA,42109,Snyder,9.285868
42,PA,42111,Somerset,9.960991
42,PA,42113,Sullivan,5.402398
42,PA,42115,Susquehanna,5.517458
42,PA,42117,Tioga,5.685356
42,PA,42119,Union,8.482841
42,PA,42121,Venango,8.179757
42,PA,42123,Warren,6.616247
42,PA,42125,Washington,11.972068
42,PA,42127,Wayne,7.473948
42,PA,42129,Westmoreland,10.929452
42,PA,42131,Wyoming,5.601827
42,PA,42133,York,12.756778
44,RI,44001,Bristol,11.022622
44,RI,44003,Kent,11.022622
44,RI,44005,Newport,4.285563
44,RI,44007,Providence,10.555234
44,RI,44009,Washington,7.746113
45,SC,45001,Abbeville,9.849314
45,SC,45003,Aiken,14.441197
45,SC,45005,Allendale,11.209368
45,SC,45007,Anderson,12.78017
45,SC,45009,Bamberg,14.201561
45,SC,45011,Barnwell,14.358508
45,SC,45013,Beaufort,14.455157
45,SC,45015,Berkeley,16.587569
45,SC,45017,Calhoun,15.676488
45,SC,45019,Charleston,15.652134
45,SC,45021,Cherokee,9.356324
45,SC,45023,Chester,9.284224
45,SC,45025,Chesterfield,13.187061
45,SC,45027,Clarendon,16.738786
45,SC,45029,Colleton,16.420366
45,SC,45031,Darlington,15.985338
45,SC,45033,Dillon,16.346793
45,SC,45035,Dorchester,15.646514
45,SC,45037,Edgefield,7.608795
45,SC,45039,Fairfield,7.149921
45,SC,45041,Florence,16.699054
45,SC,45043,Georgetown,17.250588
45,SC,45045,Greenville,14.846617
45,SC,45047,Greenwood,14.41488
45,SC,45049,Hampton,11.078659
45,SC,45051,Horry,18.04079
45,SC,45053,Jasper,14.639867
45,SC,45055,Kershaw,14.027581
45,SC,45057,Lancaster,8.889787
45,SC,45059,Laurens,8.200034
45,SC,45061,Lee,14.676048
45,SC,45063,Lexington,14.735039
45,SC,45065,McCormick,8.841555
45,SC,45067,Marion,17.062038
45,SC,45069,Marlboro,16.346793
45,SC,45071,Newberry,13.340992
45,SC,45073,Oconee,13.788186
45,SC,45075,Orangeburg,16.096812
45,SC,45077,Pickens,17.372274
45,SC,45079,Richland,12.606545
45,SC,45081,Saluda,12.281018
45,SC,45083,Spartanburg,14.044301
45,SC,45085,Sumter,14.666292
45,SC,45087,Union,15.481666
45,SC,45089,Williamsburg,17.479662
45,SC,45091,York,15.601221
46,SD,46003,Aurora,5.47036
46,SD,46005,Beadle,5.361383
46,SD,46007,Bennett,6.56118
46,SD,46009,Bon Homme,5.45796
46,SD,46011,Brookings,3.905546
46,SD,46013,Brown,3.619658
46,SD,46015,Brule,3.320849
46,SD,46017,Buffalo,4.136433
46,SD,46019,Butte,2.572711
46,SD,46021,Campbell,1.323473
46,SD,46023,Charles Mix,4.840993
46,SD,46025,Clark,3.089728
46,SD,46027,Clay,8.741128
46,SD,46029,Codington,2.090768
46,SD,46031,Corson,1.627439
46,SD,46033,Custer,2.262644
46,SD,46035,Davison,6.805403
46,SD,46037,Day,3.793118
46,SD,46039,Deuel,4.006483
46,SD,46041,Dewey,2.477291
46,SD,46043,Douglas,10.286623
46,SD,46045,Edmunds,3.536276
46,SD,46047,Fall River,1.996503
46,SD,46049,Faulk,4.259521
46,SD,46051,Grant,4.156946
46,SD,46053,Gregory,5.588302
46,SD,46055,Haakon,3.88805
46,SD,46057,Hamlin,2.962144
46,SD,46059,Hand,4.668734
46,SD,46061,Hanson,7.711672
46,SD,46063,Harding,1.262334
46,SD,46065,Hughes,4.37456
46,SD,46067,Hutchinson,6.353199
46,SD,46069,Hyde,5.165235
46,SD,46071,Jackson,3.182003
46,SD,46073,Jerauld,5.376659
46,SD,46075,Jones,3.519639
46,SD,46077,Kingsbury,4.132906
46,SD,46079,Lake,5.230445
46,SD,46081,Lawrence,0.172612
46,SD,46083,Lincoln,7.670324
46,SD,46085,Lyman,3.653957
46,SD,46087,McCook,7.221117
46,SD,46089,McPherson,2.601764
46,SD,46091,Marshall,4.569484
46,SD,46093,Meade,1.824817
46,SD,46095,Mellette,3.8269
46,SD,46097,Miner,4.276775
46,SD,46099,Minnehaha,6.951775
46,SD,46101,Moody,6.484528
46,SD,46103,Pennington,2.91479
46,SD,46105,Perkins,1.244437
46,SD,46107,Potter,1.909433
46,SD,46109,Roberts,4.407076
46,SD,46111,Sanborn,5.819276
46,SD,46113,Shannon,2.999102
46,SD,46115,Spink,4.435519
46,SD,46117,Stanley,4.325509
46,SD,46119,Sully,3.094716
46,SD,46121,Todd,3.862519
46,SD,46123,Tripp,5.465667
46,SD,46125,Turner,8.583377
46,SD,46127,Union,8.735182
46,SD,46129,Walworth,2.132397
46,SD,46135,Yankton,7.367651
46,SD,46137,Ziebach,3.145959
47,TN,47001,Anderson,14.994713
47,TN,47003,Bedford,13.918267
47,TN,47005,Benton,14.931281
47,TN,47007,Bledsoe,14.44036
47,TN,47009,Blount,11.477622
47,TN,47011,Bradley,15.997273
47,TN,47013,Campbell,15.222417
47,TN,47015,Cannon,14.467428
47,TN,47017,Carroll,17.157983
47,TN,47019,Carter,11.093648
47,TN,47021,Cheatham,16.599996
47,TN,47023,Chester,17.03121
47,TN,47025,Claiborne,14.65339
47,TN,47027,Clay,14.743028
47,TN,47029,Cocke,13.34601
47,TN,47031,Coffee,16.132795
47,TN,47033,Crockett,16.562287
47,TN,47035,Cumberland,14.095666
47,TN,47037,Davidson,16.821861
47,TN,47039,Decatur,17.116883
47,TN,47041,DeKalb,16.807676
47,TN,47043,Dickson,16.749559
47,TN,47045,Dyer,16.5913
47,TN,47047,Fayette,16.937099
47,TN,47049,Fentress,13.935606
47,TN,47051,Franklin,14.542994
47,TN,47053,Gibson,16.792352
47,TN,47055,Giles,11.919717
47,TN,47057,Grainger,12.925824
47,TN,47059,Greene,12.452487
47,TN,47061,Grundy,12.044311
47,TN,47063,Hamblen,8.277312
47,TN,47065,Hamilton,13.300621
47,TN,47067,Hancock,14.65339
47,TN,47069,Hardeman,16.959907
47,TN,47071,Hardin,16.697925
47,TN,47073,Hawkins,10.63643
47,TN,47075,Haywood,17.193542
47,TN,47077,Henderson,16.909728
47,TN,47079,Henry,16.574323
47,TN,47081,Hickman,14.380822
47,TN,47083,Houston,16.53369
47,TN,47085,Humphreys,16.550491
47,TN,47087,Jackson,13.397083
47,TN,47089,Jefferson,6.867454
47,TN,47091,Johnson,12.420059
47,TN,47093,Knox,17.103527
47,TN,47095,Lake,16.010833
47,TN,47097,Lauderdale,16.921355
47,TN,47099,Lawrence,14.561467
47,TN,47101,Lewis,13.775179
47,TN,47103,Lincoln,15.395308
47,TN,47105,Loudon,16.372834
47,TN,47107,McMinn,14.900997
47,TN,47109,McNairy,16.943631
47,TN,47111,Macon,17.001587
47,TN,47113,Madison,16.969584
47,TN,47115,Marion,12.890986
47,TN,47117,Marshall,13.462045
47,TN,47119,Maury,17.013179
47,TN,47121,Meigs,17.161791
47,TN,47123,Monroe,11.466568
47,TN,47125,Montgomery,16.278445
47,TN,47127,Moore,15.395308
47,TN,47129,Morgan,14.537006
47,TN,47131,Obion,16.369271
47,TN,47133,Overton,16.0086
47,TN,47135,Perry,16.736495
47,TN,47137,Pickett,14.20419
47,TN,47139,Polk,12.931003
47,TN,47141,Putnam,14.051327
47,TN,47143,Rhea,15.703249
47,TN,47145,Roane,12.602204
47,TN,47147,Robertson,15.364509
47,TN,47149,Rutherford,14.014874
47,TN,47151,Scott,14.06574
47,TN,47153,Sequatchie,13.322039
47,TN,47155,Sevier,10.299556
47,TN,47157,Shelby,16.745595
47,TN,47159,Smith,17.323833
47,TN,47161,Stewart,16.421303
47,TN,47163,Sullivan,14.182505
47,TN,47165,Sumner,14.225628
47,TN,47167,Tipton,16.724243
47,TN,47169,Trousdale,17.323833
47,TN,47171,Unicoi,12.015777
47,TN,47173,Union,16.756231
47,TN,47175,Van Buren,11.974372
47,TN,47177,Warren,13.2209
47,TN,47179,Washington,12.512817
47,TN,47181,Wayne,16.369997
47,TN,47183,Weakley,16.829325
47,TN,47185,White,14.652564
47,TN,47187,Williamson,16.183126
47,TN,47189,Wilson,13.415518
48,TX,48001,Anderson,13.131074
48,TX,48003,Andrews,1.413954
48,TX,48005,Angelina,14.893984
48,TX,48007,Aransas,6.783737
48,TX,48009,Archer,4.971333
48,TX,48011,Armstrong,6.108853
48,TX,48013,Atascosa,5.518489
48,TX,48015,Austin,14.653105
48,TX,48017,Bailey,2.085068
48,TX,48019,Bandera,1.304918
48,TX,48021,Bastrop,12.093498
48,TX,48023,Baylor,9.20139
48,TX,48025,Bee,7.135189
48,TX,48027,Bell,11.217635
48,TX,48029,Bexar,6.564461
48,TX,48031,Blanco,5.648502
48,TX,48033,Borden,7.017993
48,TX,48035,Bosque,7.473089
48,TX,48037,Bowie,15.160024
48,TX,48039,Brazoria,17.177095
48,TX,48041,Brazos,13.807508
48,TX,48043,Brewster,0.33248
48,TX,48045,Briscoe,4.202548
48,TX,48047,Brooks,9.916261
48,TX,48049,Brown,6.754546
48,TX,48051,Burleson,12.295487
48,TX,48053,Burnet,3.687787
48,TX,48055,Caldwell,10.904489
48,TX,48057,Calhoun,14.069991
48,TX,48059,Callahan,7.138061
48,TX,48061,Cameron,6.892453
48,TX,48063,Camp,14.641949
48,TX,48065,Carson,7.367954
48,TX,48067,Cass,14.959172
48,TX,48069,Castro,3.135037
48,TX,48071,Chambers,17.74029
48,TX,48073,Cherokee,12.630084
48,TX,48075,Childress,3.607275
48,TX,48077,Clay,10.293794
48,TX,48079,Cochran,1.16002
48,TX,48081,Coke,1.074307
48,TX,48083,Coleman,2.322925
48,TX,48085,Collin,12.35328
48,TX,48087,Collingsworth,6.411623
48,TX,48089,Colorado,13.09563
48,TX,48091,Comal,4.588784
48,TX,48093,Comanche,9.118315
48,TX,48095,Concho,0.690484
48,TX,48097,Cooke,9.494104
48,TX,48099,Coryell,8.626026
48,TX,48101,Cottle,8.935193
48,TX,48103,Crane,1.905682
48,TX,48105,Crockett,0.543514
48,TX,48107,Crosby,6.035947
48,TX,48109,Culberson,0.040442
48,TX,48111,Dallam,0.875942
48,TX,48113,Dallas,11.728486
48,TX,48115,Dawson,2.966395
48,TX,48117,Deaf Smith,3.333175
48,TX,48119,Delta,12.966281
48,TX,48121,Denton,13.826019
48,TX,48123,DeWitt,10.2995
48,TX,48125,Dickens,6.703092
48,TX,48127,Dimmit,3.0411
48,TX,48129,Donley,6.919115
48,TX,48131,Duval,2.498703
48,TX,48133,Eastland,10.931971
48,TX,48135,Ector,0.046186
48,TX,48137,Edwards,0.141678
48,TX,48139,Ellis,11.223017
48,TX,48141,El Paso,0.15581
48,TX,48143,Erath,4.33472
48,TX,48145,Falls,12.132478
48,TX,48147,Fannin,14.768307
48,TX,48149,Fayette,12.874647
48,TX,48151,Fisher,7.530519
48,TX,48153,Floyd,5.00108
48,TX,48155,Foard,7.365477
48,TX,48157,Fort Bend,16.480824
48,TX,48159,Franklin,14.641949
48,TX,48161,Freestone,13.673908
48,TX,48163,Frio,4.262482
48,TX,48165,Gaines,1.631769
48,TX,48167,Galveston,17.806
48,TX,48169,Garza,7.373275
48,TX,48171,Gillespie,1.087098
48,TX,48173,Glasscock,2.847139
48,TX,48175,Goliad,6.658845
48,TX,48177,Gonzales,9.232945
48,TX,48179,Gray,9.338476
48,TX,48181,Grayson,12.250952
48,TX,48183,Gregg,14.445048
48,TX,48185,Grimes,14.137536
48,TX,48187,Guadalupe,9.328296
48,TX,48189,Hale,3.77764
48,TX,48191,Hall,7.667879
48,TX,48193,Hamilton,9.93511
48,TX,48195,Hansford,2.397181
48,TX,48197,Hardeman,9.139105
48,TX,48199,Hardin,16.471191
48,TX,48201,Harris,16.562234
48,TX,48203,Harrison,14.813003
48,TX,48205,Hartley,2.948566
48,TX,48207,Haskell,5.506237
48,TX,48209,Hays,5.300613
48,TX,48211,Hemphill,9.566386
48,TX,48213,Henderson,13.786191
48,TX,48215,Hidalgo,6.970036
48,TX,48217,Hill,11.70669
48,TX,48219,Hockley,2.139891
48,TX,48221,Hood,5.373584
48,TX,48223,Hopkins,14.48333
48,TX,48225,Houston,13.876946
48,TX,48227,Howard,6.704044
48,TX,48229,Hudspeth,0.032944
48,TX,48231,Hunt,14.1053
48,TX,48233,Hutchinson,8.056438
48,TX,48235,Irion,1.021783
48,TX,48237,Jack,7.827049
48,TX,48239,Jackson,14.611764
48,TX,48241,Jasper,16.520448
48,TX,48243,Jeff Davis,0.165798
48,TX,48245,Jefferson,16.399867
48,TX,48247,Jim Hogg,4.153593
48,TX,48249,Jim Wells,2.67712
48,TX,48251,Johnson,10.924775
48,TX,48253,Jones,9.040384
48,TX,48255,Karnes,6.683446
48,TX,48257,Kaufman,13.637892
48,TX,48259,Kendall,3.638485
48,TX,48261,Kenedy,7.5519
48,TX,48263,Kent,7.278898
48,TX,48265,Kerr,0.79076
48,TX,48267,Kimble,0.094226
48,TX,48269,King,5.375045
48,TX,48271,Kinney,1.211554
48,TX,48273,Kleberg,8.04583
48,TX,48275,Knox,5.528096
48,TX,48277,Lamar,14.84469
48,TX,48279,Lamb,2.683691
48,TX,48281,Lampasas,6.606803
48,TX,48283,La Salle,4.698701
48,TX,48285,Lavaca,12.606498
48,TX,48287,Lee,11.524523
48,TX,48289,Leon,12.831859
48,TX,48291,Liberty,16.965764
48,TX,48293,Limestone,13.45947
48,TX,48295,Lipscomb,7.909786
48,TX,48297,Live Oak,5.553588
48,TX,48299,Llano,4.459368
48,TX,48301,Loving,0.005995
48,TX,48303,Lubbock,3.352219
48,TX,48305,Lynn,3.334975
48,TX,48307,McCulloch,2.566096
48,TX,48309,McLennan,12.400427
48,TX,48311,McMullen,4.593771
48,TX,48313,Madison,14.022741
48,TX,48315,Marion,14.889953
48,TX,48317,Martin,2.323066
48,TX,48319,Mason,2.594614
48,TX,48321,Matagorda,16.383168
48,TX,48323,Maverick,3.25425
48,TX,48325,Medina,2.548193
48,TX,48327,Menard,0.117166
48,TX,48329,Midland,1.566837
48,TX,48331,Milam,12.488564
48,TX,48333,Mills,6.858598
48,TX,48335,Mitchell,5.22289
48,TX,48337,Montague,8.548555
48,TX,48339,Montgomery,15.181464
48,TX,48341,Moore,3.172424
48,TX,48343,Morris,14.864646
48,TX,48345,Motley,6.847565
48,TX,48347,Nacogdoches,13.539735
48,TX,48349,Navarro,13.013082
48,TX,48351,Newton,15.13793
48,TX,48353,Nolan,4.531549
48,TX,48355,Nueces,9.051638
48,TX,48357,Ochiltree,4.781298
48,TX,48359,Oldham,6.407082
48,TX,48361,Orange,18.06269
48,TX,48363,Palo Pinto,5.740376
48,TX,48365,Panola,14.683031
48,TX,48367,Parker,7.803605
48,TX,48369,Parmer,1.485767
48,TX,48371,Pecos,0.272842
48,TX,48373,Polk,15.409025
48,TX,48375,Potter,1.864904
48,TX,48377,Presidio,0.09335
48,TX,48379,Rains,13.948627
48,TX,48381,Randall,4.570662
48,TX,48383,Reagan,0.910045
48,TX,48385,Real,1.155334
48,TX,48387,Red River,15.314952
48,TX,48389,Reeves,0.221706
48,TX,48391,Refugio,12.042142
48,TX,48393,Roberts,10.123657
48,TX,48395,Robertson,13.037305
48,TX,48397,Rockwall,12.090748
48,TX,48399,Runnels,4.53275
48,TX,48401,Rusk,14.411147
48,TX,48403,Sabine,16.21054
48,TX,48405,San Augustine,15.596708
48,TX,48407,San Jacinto,15.543411
48,TX,48409,San Patricio,8.868263
48,TX,48411,San Saba,5.081874
48,TX,48413,Schleicher,0.368589
48,TX,48415,Scurry,10.13076
48,TX,48417,Shackelford,4.346825
48,TX,48419,Shelby,15.237207
48,TX,48421,Sherman,0.519497
48,TX,48423,Smith,14.037573
48,TX,48425,Somervell,1.850516
48,TX,48427,Starr,3.921295
48,TX,48429,Stephens,5.764179
48,TX,48431,Sterling,1.610409
48,TX,48433,Stonewall,6.095966
48,TX,48435,Sutton,0.072328
48,TX,48437,Swisher,4.021205
48,TX,48439,Tarrant,10.239462
48,TX,48441,Taylor,3.916231
48,TX,48443,Terrell,0.534451
48,TX,48445,Terry,2.001485
48,TX,48447,Throckmorton,6.89563
48,TX,48449,Titus,15.273787
48,TX,48451,Tom Green,4.18048
48,TX,48453,Travis,8.353315
48,TX,48455,Trinity,13.076331
48,TX,48457,Tyler,15.702851
48,TX,48459,Upshur,14.441181
48,TX,48461,Upton,0.726677
48,TX,48463,Uvalde,1.489393
48,TX,48465,Val Verde,0.093305
48,TX,48467,Van Zandt,13.827678
48,TX,48469,Victoria,13.200658
48,TX,48471,Walker,12.701843
48,TX,48473,Waller,15.22963
48,TX,48475,Ward,0.230161
48,TX,48477,Washington,11.749553
48,TX,48479,Webb,2.990788
48,TX,48481,Wharton,15.446315
48,TX,48483,Wheeler,5.851269
48,TX,48485,Wichita,8.867111
48,TX,48487,Wilbarger,10.174462
48,TX,48489,Willacy,2.367043
48,TX,48491,Williamson,10.639296
48,TX,48493,Wilson,9.569388
48,TX,48495,Winkler,1.449608
48,TX,48497,Wise,10.763569
48,TX,48499,Wood,14.347414
48,TX,48501,Yoakum,1.735181
48,TX,48503,Young,9.213794
48,TX,48505,Zapata,3.170298
48,TX,48507,Zavala,3.601141
49,UT,49001,Beaver,1.40777
49,UT,49003,Box Elder,4.657922
49,UT,49005,Cache,4.316946
49,UT,49007,Carbon,0.099298
49,UT,49009,Daggett,0.673744
49,UT,49011,Davis,9.862842
49,UT,49013,Duchesne,0.039565
49,UT,49015,Emery,0.995925
49,UT,49017,Garfield,0.631536
49,UT,49019,Grand,1.221702
49,UT,49021,Iron,1.333571
49,UT,49023,Juab,1.581043
49,UT,49025,Kane,0.830722
49,UT,49027,Millard,1.785761
49,UT,49029,Morgan,2.337519
49,UT,49031,Piute,0.735048
49,UT,49033,Rich,1.529953
49,UT,49035,Salt Lake,3.634698
49,UT,49037,San Juan,1.625826
49,UT,49039,Sanpete,0.959007
49,UT,49041,Sevier,0.977221
49,UT,49043,Summit,0.283895
49,UT,49045,Tooele,1.941147
49,UT,49047,Uintah,0.474763
49,UT,49049,Utah,3.188896
49,UT,49051,Wasatch,0.079716
49,UT,49053,Washington,2.300773
49,UT,49055,Wayne,0.825561
49,UT,49057,Weber,2.481707
50,VT,50001,Addison,4.296924
50,VT,50003,Bennington,7.553441
50,VT,50005,Caledonia,3.917847
50,VT,50007,Chittenden,6.101633
50,VT,50009,Essex,3.735441
50,VT,50011,Franklin,4.886078
50,VT,50013,Grand Isle,9.258348
50,VT,50015,Lamoille,2.745762
50,VT,50017,Orange,4.38344
50,VT,50019,Orleans,4.733063
50,VT,50021,Rutland,4.368156
50,VT,50023,Washington,4.494123
50,VT,50025,Windham,4.63658
50,VT,50027,Windsor,4.9295
51,VA,51001,Accomack,15.676284
51,VA,51003,Albemarle,15.249103
51,VA,51005,Alleghany,9.738873
51,VA,51007,Amelia,14.570895
51,VA,51009,Amherst,13.756674
51,VA,51011,Appomattox,12.595364
51,VA,51013,Arlington,8.568039
51,VA,51015,Augusta,9.097852
51,VA,51017,Bath,10.229449
51,VA,51019,Bedford,14.333517
51,VA,51021,Bland,9.465268
51,VA,51023,Botetourt,9.301717
51,VA,51025,Brunswick,14.320594
51,VA,51027,Buchanan,12.857149
51,VA,51029,Buckingham,13.968413
51,VA,51031,Campbell,14.064499
51,VA,51033,Caroline,15.428808
51,VA,51035,Carroll,11.57808
51,VA,51036,Charles City,15.82568
51,VA,51037,Charlotte,12.674246
51,VA,51041,Chesterfield,13.45655
51,VA,51043,Clarke,13.935797
51,VA,51045,Craig,9.874236
51,VA,51047,Culpeper,12.34581
51,VA,51049,Cumberland,14.305353
51,VA,51051,Dickenson,13.380126
51,VA,51053,Dinwiddie,15.400128
51,VA,51057,Essex,16.153828
51,VA,51059,Fairfax,14.758281
51,VA,51061,Fauquier,12.125196
51,VA,51063,Floyd,12.431952
51,VA,51065,Fluvanna,12.779256
51,VA,51067,Franklin,12.95162
51,VA,51069,Frederick,9.820945
51,VA,51071,Giles,8.601702
51,VA,51073,Gloucester,17.35417
51,VA,51075,Goochland,12.357877
51,VA,51077,Grayson,10.277393
51,VA,51079,Greene,15.77508
51,VA,51081,Greensville,16.179808
51,VA,51083,Halifax,13.684623
51,VA,51085,Hanover,13.456433
51,VA,51087,Henrico,14.872923
51,VA,51089,Henry,13.489851
51,VA,51091,Highland,7.009369
51,VA,51093,Isle of Wight,16.578924
51,VA,51095,James City,17.685203
51,VA,51097,King and Queen,16.604137
51,VA,51099,King George,15.39045
51,VA,51101,King William,15.169131
51,VA,51103,Lancaster,15.817155
51,VA,51105,Lee,12.895334
51,VA,51107,Loudoun,15.109358
51,VA,51109,Louisa,13.394945
51,VA,51111,Lunenburg,14.187754
51,VA,51113,Madison,12.169639
51,VA,51115,Mathews,17.35417
51,VA,51117,Mecklenburg,14.842326
51,VA,51119,Middlesex,17.35417
51,VA,51121,Montgomery,10.733097
51,VA,51125,Nelson,13.631474
51,VA,51127,New Kent,15.82568
51,VA,51131,Northampton,17.35417
51,VA,51133,Northumberland,15.817155
51,VA,51135,Nottoway,14.609214
51,VA,51137,Orange,13.150401
51,VA,51139,Page,10.086831
51,VA,51141,Patrick,10.640705
51,VA,51143,Pittsylvania,12.372253
51,VA,51145,Powhatan,12.357877
51,VA,51147,Prince Edward,12.407109
51,VA,51149,Prince George,15.483553
51,VA,51153,Prince William,15.144309
51,VA,51155,Pulaski,10.357319
51,VA,51157,Rappahannock,14.023251
51,VA,51159,Richmond,15.817155
51,VA,51161,Roanoke,13.507308
51,VA,51163,Rockbridge,12.147019
51,VA,51165,Rockingham,9.234703
51,VA,51167,Russell,13.076487
51,VA,51169,Scott,11.099853
51,VA,51171,Shenandoah,9.99125
51,VA,51173,Smyth,9.271819
51,VA,51175,Southampton,16.179808
51,VA,51177,Spotsylvania,12.657143
51,VA,51179,Stafford,10.660539
51,VA,51181,Surry,15.587815
51,VA,51183,Sussex,15.791505
51,VA,51185,Tazewell,11.507966
51,VA,51187,Warren,11.956583
51,VA,51191,Washington,12.919948
51,VA,51193,Westmoreland,15.817155
51,VA,51195,Wise,12.706146
51,VA,51197,Wythe,8.96124
51,VA,51199,York,17.685203
51,VA,51510,Alexandria,8.568039
51,VA,51515,Bedford,14.333517
51,VA,51520,Bristol,14.182505
51,VA,51530,Buena Vista,9.982875
51,VA,51540,Charlottesville,15.77508
51,VA,51550,Chesapeake,17.717683
51,VA,51570,Colonial Heights,15.483553
51,VA,51580,Covington,7.687029
51,VA,51590,Danville,10.950468
51,VA,51595,Emporia,15.233572
51,VA,51600,Fairfax,15.144309
51,VA,51610,Falls Church,14.758281
51,VA,51620,Franklin,16.553063
51,VA,51630,Fredericksburg,12.657143
51,VA,51640,Galax,11.57808
51,VA,51650,Hampton,17.717683
51,VA,51660,Harrisonburg,10.086831
51,VA,51670,Hopewell,15.483553
51,VA,51678,Lexington,9.982875
51,VA,51680,Lynchburg,11.108665
51,VA,51683,Manassas,15.144309
51,VA,51685,Manassas Park,15.144309
51,VA,51690,Martinsville,13.489851
51,VA,51700,Newport News,17.685203
51,VA,51710,Norfolk,17.717683
51,VA,51720,Norton,12.706146
51,VA,51730,Petersburg,15.483553
51,VA,51735,Poquoson,17.685203
51,VA,51740,Portsmouth,17.717683
51,VA,51750,Radford,10.733097
51,VA,51760,Richmond,14.58292
51,VA,51770,Roanoke,10.916406
51,VA,51775,Salem,10.916406
51,VA,51790,Staunton,9.850248
51,VA,51800,Suffolk,17.105039
51,VA,51810,Virginia Beach,17.84427
51,VA,51820,Waynesboro,9.168972
51,VA,51830,Williamsburg,17.685203
51,VA,51840,Winchester,9.820945
53,WA,53001,Adams,2.619309
53,WA,53003,Asotin,0.850039
53,WA,53005,Benton,1.006272
53,WA,53007,Chelan,0.206309
53,WA,53009,Clallam,7.440388
53,WA,53011,Clark,14.082314
53,WA,53013,Columbia,2.675854
53,WA,53015,Cowlitz,14.171517
53,WA,53017,Douglas,0.965022
53,WA,53019,Ferry,1.687227
53,WA,53021,Franklin,3.00318
53,WA,53023,Garfield,9.572241
53,WA,53025,Grant,0.600315
53,WA,53027,Grays Harbor,18.556137
53,WA,53029,Island,16.707968
53,WA,53031,Jefferson,6.590604
53,WA,53033,King,9.434692
53,WA,53035,Kitsap,9.372882
53,WA,53037,Kittitas,0.339088
53,WA,53039,Klickitat,5.031971
53,WA,53041,Lewis,11.046249
53,WA,53043,Lincoln,2.763082
53,WA,53045,Mason,8.567485
53,WA,53047,Okanogan,0.634327
53,WA,53049,Pacific,18.921949
53,WA,53051,Pend Oreille,3.173949
53,WA,53053,Pierce,7.303388
53,WA,53055,San Juan,16.395394
53,WA,53057,Skagit,6.999628
53,WA,53059,Skamania,5.388779
53,WA,53061,Snohomish,10.50547
53,WA,53063,Spokane,6.349072
53,WA,53065,Stevens,4.25965
53,WA,53067,Thurston,12.588125
53,WA,53069,Wahkiakum,17.346287
53,WA,53071,Walla Walla,7.397801
53,WA,53073,Whatcom,3.686209
53,WA,53075,Whitman,9.913555
53,WA,53077,Yakima,0.573299
54,WV,54001,Barbour,12.990812
54,WV,54003,Berkeley,10.295506
54,WV,54005,Boone,13.221314
54,WV,54007,Braxton,13.523624
54,WV,54009,Brooke,10.958892
54,WV,54011,Cabell,13.983917
54,WV,54013,Calhoun,14.210353
54,WV,54015,Clay,14.009886
54,WV,54017,Doddridge,13.151858
54,WV,54019,Fayette,13.430562
54,WV,54021,Gilmer,13.693371
54,WV,54023,Grant,9.526676
54,WV,54025,Greenbrier,9.046194
54,WV,54027,Hampshire,9.964288
54,WV,54029,Hancock,12.0469
54,WV,54031,Hardy,10.093978
54,WV,54033,Harrison,13.981937
54,WV,54035,Jackson,14.72911
54,WV,54037,Jefferson,13.935797
54,WV,54039,Kanawha,13.315287
54,WV,54041,Lewis,14.384449
54,WV,54043,Lincoln,14.065092
54,WV,54045,Logan,13.599651
54,WV,54047,McDowell,11.625594
54,WV,54049,Marion,13.350129
54,WV,54051,Marshall,12.131812
54,WV,54053,Mason,13.497738
54,WV,54055,Mercer,10.320675
54,WV,54057,Mineral,8.982239
54,WV,54059,Mingo,13.834965
54,WV,54061,Monongalia,13.350129
54,WV,54063,Monroe,9.829473
54,WV,54065,Morgan,10.295506
54,WV,54067,Nicholas,9.208887
54,WV,54069,Ohio,11.220874
54,WV,54071,Pendleton,8.267714
54,WV,54073,Pleasants,13.552453
54,WV,54075,Pocahontas,6.718393
54,WV,54077,Preston,11.496183
54,WV,54079,Putnam,13.79655
54,WV,54081,Raleigh,11.789265
54,WV,54083,Randolph,8.799517
54,WV,54085,Ritchie,13.018454
54,WV,54087,Roane,13.630239
54,WV,54089,Summers,11.075359
54,WV,54091,Taylor,13.981937
54,WV,54093,Tucker,7.4028
54,WV,54095,Tyler,13.095886
54,WV,54097,Upshur,13.618458
54,WV,54099,Wayne,14.200614
54,WV,54101,Webster,10.148593
54,WV,54103,Wetzel,12.172863
54,WV,54105,Wirt,14.210353
54,WV,54107,Wood,13.223317
54,WV,54109,Wyoming,13.735885
55,WI,55001,Adams,8.738714
55,WI,55003,Ashland,1.422556
55,WI,55005,Barron,6.692256
55,WI,55007,Bayfield,4.677455
55,WI,55009,Brown,10.920211
55,WI,55011,Buffalo,9.802745
55,WI,55013,Burnett,7.889273
55,WI,55015,Calumet,9.38175
55,WI,55017,Chippewa,7.943669
55,WI,55019,Clark,7.304879
55,WI,55021,Columbia,9.869035
55,WI,55023,Crawford,7.78448
55,WI,55025,Dane,9.605008
55,WI,55027,Dodge,9.641352
55,WI,55029,Door,10.920211
55,WI,55031,Douglas,3.434957
55,WI,55033,Dunn,8.075294
55,WI,55035,Eau Claire,8.996959
55,WI,55037,Florence,2.947587
55,WI,55039,Fond du Lac,7.320459
55,WI,55041,Forest,2.508408
55,WI,55043,Grant,10.604962
55,WI,55045,Green,9.780789
55,WI,55047,Green Lake,9.421286
55,WI,55049,Iowa,9.252884
55,WI,55051,Iron,2.798295
55,WI,55053,Jackson,8.667203
55,WI,55055,Jefferson,10.588699
55,WI,55057,Juneau,8.511647
55,WI,55059,Kenosha,12.521564
55,WI,55061,Kewaunee,10.920211
55,WI,55063,La Crosse,7.876456
55,WI,55065,Lafayette,10.345606
55,WI,55067,Langlade,3.227025
55,WI,55069,Lincoln,2.472175
55,WI,55071,Manitowoc,9.567945
55,WI,55073,Marathon,5.644983
55,WI,55075,Marinette,5.396607
55,WI,55077,Marquette,6.55569
55,WI,55078,Menominee,8.009636
55,WI,55079,Milwaukee,14.004868
55,WI,55081,Monroe,8.025429
55,WI,55083,Oconto,7.38329
55,WI,55085,Oneida,2.05589
55,WI,55087,Outagamie,7.741425
55,WI,55089,Ozaukee,14.307047
55,WI,55091,Pepin,10.7782
55,WI,55093,Pierce,9.581701
55,WI,55095,Polk,7.918423
55,WI,55097,Portage,5.807174
55,WI,55099,Price,2.73666
55,WI,55101,Racine,12.521564
55,WI,55103,Richland,7.059693
55,WI,55105,Rock,11.402321
55,WI,55107,Rusk,5.409721
55,WI,55109,St. Croix,8.753432
55,WI,55111,Sauk,7.658933
55,WI,55113,Sawyer,4.024465
55,WI,55115,Shawano,7.621338
55,WI,55117,Sheboygan,9.691502
55,WI,55119,Taylor,4.799013
55,WI,55121,Trempealeau,9.168103
55,WI,55123,Vernon,8.886851
55,WI,55125,Vilas,2.572057
55,WI,55127,Walworth,12.270436
55,WI,55129,Washburn,5.471368
55,WI,55131,Washington,10.760507
55,WI,55133,Waukesha,11.821743
55,WI,55135,Waupaca,7.154317
55,WI,55137,Waushara,9.586271
55,WI,55139,Winnebago,9.395129
55,WI,55141,Wood,9.331256
56,WY,56001,Albany,0.120388
56,WY,56003,Big Horn,1.293826
56,WY,56005,Campbell,0.871946
56,WY,56007,Carbon,0.435108
56,WY,56009,Converse,0.144431
56,WY,56011,Crook,1.594167
56,WY,56013,Fremont,0.826546
56,WY,56015,Goshen,1.469225
56,WY,56017,Hot Springs,0.477782
56,WY,56019,Johnson,0.719285
56,WY,56021,Laramie,0.807045
56,WY,56023,Lincoln,0.051818
56,WY,56025,Natrona,0.912119
56,WY,56027,Niobrara,0.363772
56,WY,56029,Park,0.342071
56,WY,56031,Platte,0.995456
56,WY,56033,Sheridan,0.585568
56,WY,56035,Sublette,0.37085
56,WY,56037,Sweetwater,0.475737
56,WY,56039,Teton,0.105568
56,WY,56041,Uinta,0.343146
56,WY,56043,Washakie,2.532231
56,WY,56045,Weston,0.460964
