"","lat","lon","aet"
"1",-104.25,45.75,362.941084988415
"2",-103.75,45.75,332.738747139927
"3",-103.25,45.75,381.687145876931
"4",-102.75,45.75,343.585720537929
"5",-102.25,45.75,346.027183171769
"6",-101.75,45.75,354.502275964245
"7",-101.25,45.75,356.240647610801
"8",-100.75,45.75,429.279834200977
"9",-100.25,45.75,425.230567693099
"10",-99.75,45.75,439.175544515252
"11",-99.25,45.75,454.353545574064
"12",-98.75,45.75,431.969188477669
"13",-98.25,45.75,435.4840862368
"14",-97.75,45.75,412.653774551582
"15",-97.25,45.75,401.759818765335
"16",-96.75,45.75,464.661664703861
"17",-96.25,45.75,474.573225096741
"18",-95.75,45.75,470.856556969695
"19",-95.25,45.75,481.978918311419
"20",-94.75,45.75,494.816406534053
"21",-94.25,45.75,443.042849728372
"22",-93.75,45.75,441.434943606844
"23",-93.25,45.75,455.519433706766
"24",-92.75,45.75,381.032258457592
"25",-92.25,45.75,433.979734424502
"26",-91.75,45.75,414.530587269925
"27",-91.25,45.75,444.71800475847
"28",-90.75,45.75,428.27809188969
"29",-90.25,45.75,412.300648941862
"30",-89.75,45.75,313.568759657443
"31",-89.25,45.75,353.089801414986
"32",-88.75,45.75,348.576451763627
"33",-88.25,45.75,307.011348575819
"34",-87.75,45.75,396.954271780007
"35",-87.25,45.75,399.581216405189
"36",-86.75,45.75,425.277654984311
"37",-86.25,45.75,NA
"38",-85.75,45.75,NA
"39",-85.25,45.75,NA
"40",-84.75,45.75,NA
"41",-84.25,45.75,NA
"42",-83.75,45.75,NA
"43",-83.25,45.75,NA
"44",-82.75,45.75,NA
"45",-82.25,45.75,390.477056791075
"46",-81.75,45.75,393.272360150702
"47",-81.25,45.75,NA
"48",-80.75,45.75,NA
"49",-80.25,45.75,422.363646784099
"50",-104.25,45.25,375.866649340838
"51",-103.75,45.25,374.286554340273
"52",-103.25,45.25,334.898315558559
"53",-102.75,45.25,352.106330389855
"54",-102.25,45.25,364.903209183787
"55",-101.75,45.25,366.667524212855
"56",-101.25,45.25,368.892688011285
"57",-100.75,45.25,438.291542218765
"58",-100.25,45.25,448.74112764778
"59",-99.75,45.25,474.450135575375
"60",-99.25,45.25,462.061315035447
"61",-98.75,45.25,469.536553277925
"62",-98.25,45.25,480.290238723624
"63",-97.75,45.25,434.329143211071
"64",-97.25,45.25,400.32425224653
"65",-96.75,45.25,466.880543908337
"66",-96.25,45.25,440.720130925067
"67",-95.75,45.25,448.464635088196
"68",-95.25,45.25,494.454915799666
"69",-94.75,45.25,506.311171986861
"70",-94.25,45.25,532.221049113665
"71",-93.75,45.25,541.317074725404
"72",-93.25,45.25,393.205168843735
"73",-92.75,45.25,511.385112217627
"74",-92.25,45.25,488.608280392364
"75",-91.75,45.25,428.170616088435
"76",-91.25,45.25,456.292869961891
"77",-90.75,45.25,455.858597724407
"78",-90.25,45.25,417.871958959382
"79",-89.75,45.25,407.846735822386
"80",-89.25,45.25,310.427286914317
"81",-88.75,45.25,351.830614138627
"82",-88.25,45.25,296.928062450781
"83",-87.75,45.25,352.879040779662
"84",-87.25,45.25,NA
"85",-86.75,45.25,NA
"86",-86.25,45.25,NA
"87",-85.75,45.25,NA
"88",-85.25,45.25,413.643324972654
"89",-84.75,45.25,307.297346255626
"90",-84.25,45.25,299.733138827651
"91",-83.75,45.25,404.85505190937
"92",-83.25,45.25,NA
"93",-82.75,45.25,NA
"94",-82.25,45.25,NA
"95",-81.75,45.25,NA
"96",-81.25,45.25,NA
"97",-80.75,45.25,NA
"98",-80.25,45.25,NA
"99",-104.25,44.75,374.342473913915
"100",-103.75,44.75,400.126695624087
"101",-103.25,44.75,394.923490616493
"102",-102.75,44.75,353.560182932299
"103",-102.25,44.75,370.080431497818
"104",-101.75,44.75,424.65497826389
"105",-101.25,44.75,434.657681779936
"106",-100.75,44.75,447.370253491448
"107",-100.25,44.75,463.791488281742
"108",-99.75,44.75,478.780170736427
"109",-99.25,44.75,472.178214761807
"110",-98.75,44.75,480.604746492282
"111",-98.25,44.75,473.815014345542
"112",-97.75,44.75,412.917497824092
"113",-97.25,44.75,425.748434905428
"114",-96.75,44.75,493.137845848622
"115",-96.25,44.75,435.480028535007
"116",-95.75,44.75,445.138751949882
"117",-95.25,44.75,466.529622768401
"118",-94.75,44.75,505.760336496867
"119",-94.25,44.75,510.4943107242
"120",-93.75,44.75,551.243060751352
"121",-93.25,44.75,516.9997187095
"122",-92.75,44.75,510.135587514844
"123",-92.25,44.75,514.885487066771
"124",-91.75,44.75,433.788747793529
"125",-91.25,44.75,351.609427684903
"126",-90.75,44.75,475.265575927449
"127",-90.25,44.75,454.547221145127
"128",-89.75,44.75,438.942175233466
"129",-89.25,44.75,365.270653183601
"130",-88.75,44.75,408.886646746047
"131",-88.25,44.75,426.631945738744
"132",-87.75,44.75,434.441922738915
"133",-87.25,44.75,NA
"134",-86.75,44.75,NA
"135",-86.25,44.75,NA
"136",-85.75,44.75,316.763007078844
"137",-85.25,44.75,304.608548491262
"138",-84.75,44.75,299.132141183596
"139",-84.25,44.75,296.721525500572
"140",-83.75,44.75,300.610845511721
"141",-83.25,44.75,NA
"142",-82.75,44.75,NA
"143",-82.25,44.75,NA
"144",-81.75,44.75,NA
"145",-81.25,44.75,405.956051585497
"146",-80.75,44.75,422.138365600957
"147",-80.25,44.75,NA
"148",-104.25,44.25,382.460650483146
"149",-103.75,44.25,382.46018833277
"150",-103.25,44.25,395.905178982066
"151",-102.75,44.25,405.400613355218
"152",-102.25,44.25,421.296474493487
"153",-101.75,44.25,439.413944213913
"154",-101.25,44.25,449.372180411709
"155",-100.75,44.25,457.993125193054
"156",-100.25,44.25,467.756081908708
"157",-99.75,44.25,486.713239796096
"158",-99.25,44.25,481.715835786192
"159",-98.75,44.25,485.299557792256
"160",-98.25,44.25,497.640594522934
"161",-97.75,44.25,502.334731047653
"162",-97.25,44.25,441.550389865879
"163",-96.75,44.25,494.117318401425
"164",-96.25,44.25,474.665157705895
"165",-95.75,44.25,488.206067437306
"166",-95.25,44.25,472.815282816009
"167",-94.75,44.25,494.425339749316
"168",-94.25,44.25,540.822872031946
"169",-93.75,44.25,558.15550647318
"170",-93.25,44.25,545.324683042825
"171",-92.75,44.25,539.62552923162
"172",-92.25,44.25,538.177601201809
"173",-91.75,44.25,512.084894607775
"174",-91.25,44.25,529.672328161949
"175",-90.75,44.25,366.982924201526
"176",-90.25,44.25,342.223947032704
"177",-89.75,44.25,328.72126490761
"178",-89.25,44.25,311.980407012335
"179",-88.75,44.25,468.689451105427
"180",-88.25,44.25,519.018865157268
"181",-87.75,44.25,510.55108054851
"182",-87.25,44.25,NA
"183",-86.75,44.25,NA
"184",-86.25,44.25,339.139537173935
"185",-85.75,44.25,328.556065695157
"186",-85.25,44.25,309.615514663223
"187",-84.75,44.25,305.597444388608
"188",-84.25,44.25,303.572288299911
"189",-83.75,44.25,309.021749355714
"190",-83.25,44.25,NA
"191",-82.75,44.25,NA
"192",-82.25,44.25,NA
"193",-81.75,44.25,NA
"194",-81.25,44.25,407.703326123075
"195",-80.75,44.25,412.370758538949
"196",-80.25,44.25,412.41307859309
"197",-104.25,43.75,373.698926081881
"198",-103.75,43.75,381.724444213789
"199",-103.25,43.75,422.844301711302
"200",-102.75,43.75,420.030136967078
"201",-102.25,43.75,429.972700023907
"202",-101.75,43.75,438.074975190837
"203",-101.25,43.75,445.421669100557
"204",-100.75,43.75,460.568343730993
"205",-100.25,43.75,479.614475635113
"206",-99.75,43.75,486.751991645171
"207",-99.25,43.75,486.222598818014
"208",-98.75,43.75,504.530392878834
"209",-98.25,43.75,489.104972594492
"210",-97.75,43.75,504.508792354492
"211",-97.25,43.75,489.148809608771
"212",-96.75,43.75,519.131269408332
"213",-96.25,43.75,500.982489122194
"214",-95.75,43.75,488.079721363494
"215",-95.25,43.75,493.150406664994
"216",-94.75,43.75,494.967702438124
"217",-94.25,43.75,531.324517817236
"218",-93.75,43.75,533.359119217756
"219",-93.25,43.75,542.470029552256
"220",-92.75,43.75,514.890949295775
"221",-92.25,43.75,531.414733672049
"222",-91.75,43.75,539.21920122148
"223",-91.25,43.75,503.544470866414
"224",-90.75,43.75,475.586833403242
"225",-90.25,43.75,461.828191308625
"226",-89.75,43.75,355.497938337154
"227",-89.25,43.75,359.275253744912
"228",-88.75,43.75,528.590280712117
"229",-88.25,43.75,501.27408390856
"230",-87.75,43.75,467.124067951692
"231",-87.25,43.75,NA
"232",-86.75,43.75,NA
"233",-86.25,43.75,336.308428131742
"234",-85.75,43.75,328.230459156308
"235",-85.25,43.75,354.180716145856
"236",-84.75,43.75,324.503164359252
"237",-84.25,43.75,319.552978822729
"238",-83.75,43.75,445.050216286909
"239",-83.25,43.75,433.349469403314
"240",-82.75,43.75,444.958772235317
"241",-82.25,43.75,NA
"242",-81.75,43.75,443.331287247187
"243",-81.25,43.75,425.795247567701
"244",-80.75,43.75,418.427264832077
"245",-80.25,43.75,422.101454594318
"246",-104.25,43.25,380.222114047501
"247",-103.75,43.25,401.93310437561
"248",-103.25,43.25,430.64728677737
"249",-102.75,43.25,385.389767845627
"250",-102.25,43.25,381.820665996522
"251",-101.75,43.25,386.674060887482
"252",-101.25,43.25,321.314741048147
"253",-100.75,43.25,377.434716772172
"254",-100.25,43.25,384.96773434151
"255",-99.75,43.25,491.125560219283
"256",-99.25,43.25,501.761552996119
"257",-98.75,43.25,531.69676996566
"258",-98.25,43.25,531.487706219858
"259",-97.75,43.25,504.809561663948
"260",-97.25,43.25,498.370740028564
"261",-96.75,43.25,525.515037127072
"262",-96.25,43.25,500.056970359175
"263",-95.75,43.25,496.261071499874
"264",-95.25,43.25,484.389644975075
"265",-94.75,43.25,507.802770344308
"266",-94.25,43.25,528.886206405121
"267",-93.75,43.25,534.482144591515
"268",-93.25,43.25,540.798810488079
"269",-92.75,43.25,530.251857509458
"270",-92.25,43.25,519.200455051381
"271",-91.75,43.25,575.463361980102
"272",-91.25,43.25,580.153568537207
"273",-90.75,43.25,493.123732925393
"274",-90.25,43.25,472.15521648468
"275",-89.75,43.25,458.810651501699
"276",-89.25,43.25,505.283385309507
"277",-88.75,43.25,528.404972325763
"278",-88.25,43.25,506.776080791111
"279",-87.75,43.25,NA
"280",-87.25,43.25,NA
"281",-86.75,43.25,NA
"282",-86.25,43.25,334.863685228542
"283",-85.75,43.25,435.770701582427
"284",-85.25,43.25,373.560773021774
"285",-84.75,43.25,472.268793679774
"286",-84.25,43.25,466.017181063973
"287",-83.75,43.25,475.547668796498
"288",-83.25,43.25,457.096830812818
"289",-82.75,43.25,478.933347262806
"290",-82.25,43.25,NA
"291",-81.75,43.25,462.383204003403
"292",-81.25,43.25,436.619033370225
"293",-80.75,43.25,435.785727854352
"294",-80.25,43.25,452.424496891646
"295",-104.25,42.75,314.215022509568
"296",-103.75,42.75,344.234674563224
"297",-103.25,42.75,425.047030542395
"298",-102.75,42.75,363.421941379202
"299",-102.25,42.75,311.131182414771
"300",-101.75,42.75,308.57833006524
"301",-101.25,42.75,323.730203044368
"302",-100.75,42.75,344.909438068222
"303",-100.25,42.75,354.482227503555
"304",-99.75,42.75,357.696946786484
"305",-99.25,42.75,355.091028423049
"306",-98.75,42.75,368.54034718324
"307",-98.25,42.75,533.343272847007
"308",-97.75,42.75,529.789560315112
"309",-97.25,42.75,542.053796871332
"310",-96.75,42.75,544.412467914517
"311",-96.25,42.75,503.665708259097
"312",-95.75,42.75,504.745990164054
"313",-95.25,42.75,501.206307413289
"314",-94.75,42.75,524.093334716163
"315",-94.25,42.75,542.736802457788
"316",-93.75,42.75,515.365433240542
"317",-93.25,42.75,551.925980540924
"318",-92.75,42.75,546.668066752842
"319",-92.25,42.75,531.741406138346
"320",-91.75,42.75,522.815346889489
"321",-91.25,42.75,597.423112440389
"322",-90.75,42.75,586.097735167015
"323",-90.25,42.75,583.057764739031
"324",-89.75,42.75,587.93026304699
"325",-89.25,42.75,532.2186399739
"326",-88.75,42.75,527.723794913501
"327",-88.25,42.75,544.481562238223
"328",-87.75,42.75,486.99614939827
"329",-87.25,42.75,NA
"330",-86.75,42.75,NA
"331",-86.25,42.75,484.649891486857
"332",-85.75,42.75,355.302198423873
"333",-85.25,42.75,487.997215598123
"334",-84.75,42.75,472.228668634314
"335",-84.25,42.75,482.146889611788
"336",-83.75,42.75,496.416343399702
"337",-83.25,42.75,486.200586528314
"338",-82.75,42.75,398.090012170403
"339",-82.25,42.75,479.286196210713
"340",-81.75,42.75,481.157329798123
"341",-81.25,42.75,440.148967937334
"342",-80.75,42.75,452.689238443316
"343",-80.25,42.75,458.467801330902
"344",-104.25,42.25,319.245780702331
"345",-103.75,42.25,342.719728641445
"346",-103.25,42.25,361.719272953982
"347",-102.75,42.25,315.81196716354
"348",-102.25,42.25,312.374722868204
"349",-101.75,42.25,314.563416166464
"350",-101.25,42.25,335.824708732122
"351",-100.75,42.25,350.290529744685
"352",-100.25,42.25,360.452559177764
"353",-99.75,42.25,365.609664322285
"354",-99.25,42.25,372.304312653258
"355",-98.75,42.25,377.821609205217
"356",-98.25,42.25,372.233888149465
"357",-97.75,42.25,376.437628775777
"358",-97.25,42.25,491.69538848754
"359",-96.75,42.25,550.978085647745
"360",-96.25,42.25,562.782393460628
"361",-95.75,42.25,557.312218189938
"362",-95.25,42.25,579.959078583401
"363",-94.75,42.25,567.661554750637
"364",-94.25,42.25,569.597524553508
"365",-93.75,42.25,569.709103484172
"366",-93.25,42.25,563.802149195828
"367",-92.75,42.25,597.031992777484
"368",-92.25,42.25,571.922608295106
"369",-91.75,42.25,558.219040889991
"370",-91.25,42.25,619.893557978095
"371",-90.75,42.25,618.122278979747
"372",-90.25,42.25,607.407176854671
"373",-89.75,42.25,565.852465075499
"374",-89.25,42.25,575.828386807349
"375",-88.75,42.25,557.409396437928
"376",-88.25,42.25,606.074782805168
"377",-87.75,42.25,540.380286465137
"378",-87.25,42.25,NA
"379",-86.75,42.25,NA
"380",-86.25,42.25,539.445078307122
"381",-85.75,42.25,501.010536408401
"382",-85.25,42.25,476.976848283317
"383",-84.75,42.25,440.690959650266
"384",-84.25,42.25,371.475833081681
"385",-83.75,42.25,543.372688117088
"386",-83.25,42.25,520.023083166947
"387",-82.75,42.25,505.000328272756
"388",-82.25,42.25,501.66854324739
"389",-81.75,42.25,NA
"390",-81.25,42.25,NA
"391",-80.75,42.25,NA
"392",-80.25,42.25,NA
"393",-104.25,41.75,392.857172787189
"394",-103.75,41.75,349.061719277292
"395",-103.25,41.75,309.662871854554
"396",-102.75,41.75,323.655845653266
"397",-102.25,41.75,327.113835112221
"398",-101.75,41.75,332.161585087422
"399",-101.25,41.75,341.984329331433
"400",-100.75,41.75,352.951131109614
"401",-100.25,41.75,364.806162542198
"402",-99.75,41.75,364.107442635577
"403",-99.25,41.75,381.111147818621
"404",-98.75,41.75,387.131462552992
"405",-98.25,41.75,543.279263562406
"406",-97.75,41.75,559.939972612599
"407",-97.25,41.75,569.616075198115
"408",-96.75,41.75,547.558932495071
"409",-96.25,41.75,586.073498124781
"410",-95.75,41.75,588.37466237467
"411",-95.25,41.75,605.095751819201
"412",-94.75,41.75,609.129025956096
"413",-94.25,41.75,545.852635442134
"414",-93.75,41.75,559.354985556769
"415",-93.25,41.75,631.46965841786
"416",-92.75,41.75,619.538925581612
"417",-92.25,41.75,628.667501722579
"418",-91.75,41.75,641.731828808552
"419",-91.25,41.75,647.089029303985
"420",-90.75,41.75,649.021093303338
"421",-90.25,41.75,651.31118633179
"422",-89.75,41.75,553.092177392449
"423",-89.25,41.75,595.082145349559
"424",-88.75,41.75,587.082827078761
"425",-88.25,41.75,630.811302271904
"426",-87.75,41.75,446.857117453823
"427",-87.25,41.75,NA
"428",-86.75,41.75,562.064629542467
"429",-86.25,41.75,567.242463363276
"430",-85.75,41.75,514.760128368856
"431",-85.25,41.75,419.289218684833
"432",-84.75,41.75,586.925646763761
"433",-84.25,41.75,580.755693165469
"434",-83.75,41.75,577.477929077577
"435",-83.25,41.75,535.92151445325
"436",-82.75,41.75,NA
"437",-82.25,41.75,NA
"438",-81.75,41.75,NA
"439",-81.25,41.75,513.509381165728
"440",-80.75,41.75,535.619158151094
"441",-80.25,41.75,530.271927516791
"442",-104.25,41.25,347.055114809424
"443",-103.75,41.25,371.378431385849
"444",-103.25,41.25,446.364554338506
"445",-102.75,41.25,486.865626608254
"446",-102.25,41.25,471.539999898057
"447",-101.75,41.25,351.578317687847
"448",-101.25,41.25,352.333380155964
"449",-100.75,41.25,352.329480372835
"450",-100.25,41.25,371.664213261567
"451",-99.75,41.25,540.011416610796
"452",-99.25,41.25,553.93822609738
"453",-98.75,41.25,565.757089424413
"454",-98.25,41.25,568.72475423984
"455",-97.75,41.25,595.129086286062
"456",-97.25,41.25,618.280294909724
"457",-96.75,41.25,609.465010648535
"458",-96.25,41.25,607.624622389005
"459",-95.75,41.25,601.11472879909
"460",-95.25,41.25,607.878058822069
"461",-94.75,41.25,603.961253315094
"462",-94.25,41.25,604.922725620447
"463",-93.75,41.25,617.28184401826
"464",-93.25,41.25,634.355787231849
"465",-92.75,41.25,657.754618036561
"466",-92.25,41.25,659.075785884866
"467",-91.75,41.25,668.482161879074
"468",-91.25,41.25,653.11360850546
"469",-90.75,41.25,662.138072088026
"470",-90.25,41.25,637.873034274933
"471",-89.75,41.25,619.619740740163
"472",-89.25,41.25,624.257428352343
"473",-88.75,41.25,625.004273778526
"474",-88.25,41.25,629.760449561727
"475",-87.75,41.25,644.810758532723
"476",-87.25,41.25,632.898528227699
"477",-86.75,41.25,423.735738685442
"478",-86.25,41.25,566.577110211598
"479",-85.75,41.25,578.655130217303
"480",-85.25,41.25,630.880697080167
"481",-84.75,41.25,609.19370117248
"482",-84.25,41.25,594.263598920312
"483",-83.75,41.25,598.757625937345
"484",-83.25,41.25,606.111893437657
"485",-82.75,41.25,592.070461490279
"486",-82.25,41.25,591.227458113281
"487",-81.75,41.25,589.646766716935
"488",-81.25,41.25,597.533750300412
"489",-80.75,41.25,578.953789338004
"490",-80.25,41.25,498.373033215816
"491",-104.25,40.75,361.009243905079
"492",-103.75,40.75,376.361371308798
"493",-103.25,40.75,432.066332099494
"494",-102.75,40.75,448.813861079048
"495",-102.25,40.75,451.416352467146
"496",-101.75,40.75,503.353464580141
"497",-101.25,40.75,366.966651516967
"498",-100.75,40.75,517.432490194915
"499",-100.25,40.75,556.605610853294
"500",-99.75,40.75,574.679991952842
"501",-99.25,40.75,582.211180810002
"502",-98.75,40.75,591.214219210204
"503",-98.25,40.75,617.138567934744
"504",-97.75,40.75,628.016127705574
"505",-97.25,40.75,627.950028106221
"506",-96.75,40.75,620.488283981103
"507",-96.25,40.75,610.783890380524
"508",-95.75,40.75,599.485335704929
"509",-95.25,40.75,613.272516794648
"510",-94.75,40.75,607.080707622925
"511",-94.25,40.75,593.466973422326
"512",-93.75,40.75,603.626362940762
"513",-93.25,40.75,621.276847916481
"514",-92.75,40.75,649.330942585115
"515",-92.25,40.75,657.407684877748
"516",-91.75,40.75,664.314683673234
"517",-91.25,40.75,649.196584629884
"518",-90.75,40.75,634.082496778108
"519",-90.25,40.75,673.083119330113
"520",-89.75,40.75,669.640815347928
"521",-89.25,40.75,623.05068933533
"522",-88.75,40.75,620.272129554302
"523",-88.25,40.75,629.181350345374
"524",-87.75,40.75,617.261896852986
"525",-87.25,40.75,606.867976439651
"526",-86.75,40.75,424.68249456647
"527",-86.25,40.75,618.648719550809
"528",-85.75,40.75,645.031823342724
"529",-85.25,40.75,635.590301030548
"530",-84.75,40.75,618.098266886722
"531",-84.25,40.75,607.193866139394
"532",-83.75,40.75,611.929251975176
"533",-83.25,40.75,614.698942130897
"534",-82.75,40.75,580.614919265761
"535",-82.25,40.75,523.761693824083
"536",-81.75,40.75,533.794507892737
"537",-81.25,40.75,547.016672605881
"538",-80.75,40.75,514.189427569043
"539",-80.25,40.75,521.761576137622
"540",-104.25,40.25,306.727999049588
"541",-103.75,40.25,303.754328237381
"542",-103.25,40.25,330.052348840516
"543",-102.75,40.25,443.0947487175
"544",-102.25,40.25,367.635876581771
"545",-101.75,40.25,378.620651723817
"546",-101.25,40.25,532.979550959542
"547",-100.75,40.25,554.433017906267
"548",-100.25,40.25,576.219402609859
"549",-99.75,40.25,597.501429835567
"550",-99.25,40.25,597.683787590591
"551",-98.75,40.25,612.352913345676
"552",-98.25,40.25,618.077287683525
"553",-97.75,40.25,667.061083733221
"554",-97.25,40.25,665.867512150609
"555",-96.75,40.25,645.306627309881
"556",-96.25,40.25,633.349110859359
"557",-95.75,40.25,631.402745189145
"558",-95.25,40.25,654.021868905642
"559",-94.75,40.25,652.405848617083
"560",-94.25,40.25,591.697338824044
"561",-93.75,40.25,618.239067922812
"562",-93.25,40.25,636.771375352226
"563",-92.75,40.25,656.05289863568
"564",-92.25,40.25,668.598254405893
"565",-91.75,40.25,675.433755354432
"566",-91.25,40.25,705.419551173807
"567",-90.75,40.25,686.797259406245
"568",-90.25,40.25,673.613677755741
"569",-89.75,40.25,448.235806107929
"570",-89.25,40.25,644.055837935535
"571",-88.75,40.25,646.823764802037
"572",-88.25,40.25,652.680773792847
"573",-87.75,40.25,692.056144055619
"574",-87.25,40.25,666.879435810028
"575",-86.75,40.25,651.657244026574
"576",-86.25,40.25,629.992200906679
"577",-85.75,40.25,608.401008387445
"578",-85.25,40.25,630.026175276376
"579",-84.75,40.25,604.253648065263
"580",-84.25,40.25,548.342057900521
"581",-83.75,40.25,548.177530083107
"582",-83.25,40.25,604.610692815186
"583",-82.75,40.25,573.5044608608
"584",-82.25,40.25,599.088223844999
"585",-81.75,40.25,624.997330319835
"586",-81.25,40.25,610.998873424967
"587",-80.75,40.25,622.487620688946
"588",-80.25,40.25,621.324397970893
"589",-104.25,39.75,393.302305267192
"590",-103.75,39.75,384.231688396074
"591",-103.25,39.75,406.238165954361
"592",-102.75,39.75,343.885339824337
"593",-102.25,39.75,476.674015594646
"594",-101.75,39.75,501.946043473436
"595",-101.25,39.75,543.23462774232
"596",-100.75,39.75,576.253284559818
"597",-100.25,39.75,579.782320830505
"598",-99.75,39.75,578.860396354401
"599",-99.25,39.75,596.187440245194
"600",-98.75,39.75,615.074756856586
"601",-98.25,39.75,630.377253721468
"602",-97.75,39.75,684.763470837323
"603",-97.25,39.75,657.913728913634
"604",-96.75,39.75,680.327142579132
"605",-96.25,39.75,713.988055852475
"606",-95.75,39.75,674.673710708681
"607",-95.25,39.75,685.166637830378
"608",-94.75,39.75,694.518481910578
"609",-94.25,39.75,709.076445465209
"610",-93.75,39.75,706.951240623021
"611",-93.25,39.75,667.197218577843
"612",-92.75,39.75,676.598544399265
"613",-92.25,39.75,728.496524832328
"614",-91.75,39.75,721.0871140284
"615",-91.25,39.75,715.149560233054
"616",-90.75,39.75,659.250111435074
"617",-90.25,39.75,673.202242850464
"618",-89.75,39.75,687.357833020127
"619",-89.25,39.75,669.194173106924
"620",-88.75,39.75,671.758420524246
"621",-88.25,39.75,685.125193828368
"622",-87.75,39.75,695.571397358086
"623",-87.25,39.75,701.626389587534
"624",-86.75,39.75,647.579639542499
"625",-86.25,39.75,643.334563081153
"626",-85.75,39.75,634.307104671141
"627",-85.25,39.75,602.596615570481
"628",-84.75,39.75,592.98595705234
"629",-84.25,39.75,614.280052071001
"630",-83.75,39.75,588.265337330871
"631",-83.25,39.75,578.093910315662
"632",-82.75,39.75,596.392229334102
"633",-82.25,39.75,621.264009022852
"634",-81.75,39.75,666.470185952494
"635",-81.25,39.75,661.056957002496
"636",-80.75,39.75,599.154765773448
"637",-80.25,39.75,601.758833621047
"638",-104.25,39.25,326.982567637227
"639",-103.75,39.25,378.748978939839
"640",-103.25,39.25,394.904944862647
"641",-102.75,39.25,415.980481275357
"642",-102.25,39.25,444.760140811093
"643",-101.75,39.25,505.290355222533
"644",-101.25,39.25,538.282293107128
"645",-100.75,39.25,567.323471085867
"646",-100.25,39.25,573.853969860589
"647",-99.75,39.25,579.458329261572
"648",-99.25,39.25,606.017287199677
"649",-98.75,39.25,642.346728368313
"650",-98.25,39.25,682.581017095596
"651",-97.75,39.25,670.600602651568
"652",-97.25,39.25,681.378316287926
"653",-96.75,39.25,708.928147303464
"654",-96.25,39.25,712.942075030762
"655",-95.75,39.25,709.036401820194
"656",-95.25,39.25,679.082248257473
"657",-94.75,39.25,740.501685998403
"658",-94.25,39.25,708.771154482383
"659",-93.75,39.25,695.506037389627
"660",-93.25,39.25,703.105575476773
"661",-92.75,39.25,691.339163241908
"662",-92.25,39.25,737.001256021089
"663",-91.75,39.25,718.513186116412
"664",-91.25,39.25,685.444530014123
"665",-90.75,39.25,655.993309490848
"666",-90.25,39.25,692.605539603392
"667",-89.75,39.25,715.774531474803
"668",-89.25,39.25,723.351335085885
"669",-88.75,39.25,685.275152886286
"670",-88.25,39.25,716.204990043771
"671",-87.75,39.25,698.343450449174
"672",-87.25,39.25,702.542765523773
"673",-86.75,39.25,644.187236938684
"674",-86.25,39.25,603.502821942267
"675",-85.75,39.25,650.025043642148
"676",-85.25,39.25,659.280553312681
"677",-84.75,39.25,695.493873090483
"678",-84.25,39.25,674.97535902058
"679",-83.75,39.25,648.669173782517
"680",-83.25,39.25,586.529648188152
"681",-82.75,39.25,611.548856335687
"682",-82.25,39.25,621.167460467201
"683",-81.75,39.25,604.082362625748
"684",-81.25,39.25,519.177176966565
"685",-80.75,39.25,525.291177978623
"686",-80.25,39.25,580.8669372031
"687",-104.25,38.75,364.507907138206
"688",-103.75,38.75,373.573018180439
"689",-103.25,38.75,381.814899717079
"690",-102.75,38.75,328.15692837385
"691",-102.25,38.75,445.934005544521
"692",-101.75,38.75,488.850591160008
"693",-101.25,38.75,536.170896634459
"694",-100.75,38.75,564.0526940173
"695",-100.25,38.75,569.700163677568
"696",-99.75,38.75,590.74376148812
"697",-99.25,38.75,600.188078036532
"698",-98.75,38.75,643.017181501782
"699",-98.25,38.75,686.215520782047
"700",-97.75,38.75,669.331126960577
"701",-97.25,38.75,724.442768383073
"702",-96.75,38.75,727.201925753616
"703",-96.25,38.75,711.827682193369
"704",-95.75,38.75,734.175572986482
"705",-95.25,38.75,711.359730569646
"706",-94.75,38.75,783.303227492375
"707",-94.25,38.75,781.521843631519
"708",-93.75,38.75,756.410003348486
"709",-93.25,38.75,742.73103730625
"710",-92.75,38.75,736.661823400609
"711",-92.25,38.75,727.90661704848
"712",-91.75,38.75,761.358347646252
"713",-91.25,38.75,740.840486450281
"714",-90.75,38.75,702.399216523161
"715",-90.25,38.75,499.254497820046
"716",-89.75,38.75,703.852211303514
"717",-89.25,38.75,732.276833809767
"718",-88.75,38.75,689.600327491644
"719",-88.25,38.75,697.227644034661
"720",-87.75,38.75,709.926489081699
"721",-87.25,38.75,770.912092011422
"722",-86.75,38.75,656.332264736528
"723",-86.25,38.75,683.703591599129
"724",-85.75,38.75,683.363874029135
"725",-85.25,38.75,720.094193153898
"726",-84.75,38.75,708.590022805449
"727",-84.25,38.75,705.693564853165
"728",-83.75,38.75,682.127504598349
"729",-83.25,38.75,654.751786541136
"730",-82.75,38.75,641.645764495755
"731",-82.25,38.75,655.95443494439
"732",-81.75,38.75,611.251797680627
"733",-81.25,38.75,537.168942733435
"734",-80.75,38.75,531.814409374696
"735",-80.25,38.75,501.870352796512
"736",-104.25,38.25,338.265419065021
"737",-103.75,38.25,333.790275151376
"738",-103.25,38.25,356.111644671997
"739",-102.75,38.25,411.308700448833
"740",-102.25,38.25,444.838020724477
"741",-101.75,38.25,478.827207806055
"742",-101.25,38.25,519.849327502074
"743",-100.75,38.25,568.009512356133
"744",-100.25,38.25,574.840052977932
"745",-99.75,38.25,583.43419797362
"746",-99.25,38.25,623.478048861609
"747",-98.75,38.25,443.591618091799
"748",-98.25,38.25,705.171291518782
"749",-97.75,38.25,735.240101643023
"750",-97.25,38.25,738.320283972542
"751",-96.75,38.25,749.481321926462
"752",-96.25,38.25,739.401777686551
"753",-95.75,38.25,767.369691104977
"754",-95.25,38.25,786.952145594172
"755",-94.75,38.25,802.597633973463
"756",-94.25,38.25,785.062726509757
"757",-93.75,38.25,782.399675742985
"758",-93.25,38.25,776.468352771688
"759",-92.75,38.25,766.866161910235
"760",-92.25,38.25,768.331864437088
"761",-91.75,38.25,754.696221126826
"762",-91.25,38.25,747.869412545173
"763",-90.75,38.25,755.559804319753
"764",-90.25,38.25,761.747596046072
"765",-89.75,38.25,732.043059364252
"766",-89.25,38.25,715.917696008226
"767",-88.75,38.25,704.296478085744
"768",-88.25,38.25,715.980622940231
"769",-87.75,38.25,764.547178466164
"770",-87.25,38.25,720.394779659808
"771",-86.75,38.25,702.84157965309
"772",-86.25,38.25,742.176343958243
"773",-85.75,38.25,762.328930788906
"774",-85.25,38.25,764.468709542052
"775",-84.75,38.25,707.150531156571
"776",-84.25,38.25,723.194678214844
"777",-83.75,38.25,732.162408200864
"778",-83.25,38.25,717.098037705116
"779",-82.75,38.25,725.364441975253
"780",-82.25,38.25,696.188724828884
"781",-81.75,38.25,569.015581255779
"782",-81.25,38.25,585.176368642715
"783",-80.75,38.25,537.06483547308
"784",-80.25,38.25,489.035942509654
"785",-104.25,37.75,361.99990116246
"786",-103.75,37.75,351.573095330968
"787",-103.25,37.75,373.521054198034
"788",-102.75,37.75,421.268410168937
"789",-102.25,37.75,452.743566019926
"790",-101.75,37.75,480.067881701514
"791",-101.25,37.75,505.42139606789
"792",-100.75,37.75,561.811284198193
"793",-100.25,37.75,552.937411962057
"794",-99.75,37.75,621.690489043482
"795",-99.25,37.75,531.250135250622
"796",-98.75,37.75,452.142280500244
"797",-98.25,37.75,604.999661461101
"798",-97.75,37.75,695.521419514902
"799",-97.25,37.75,742.428379566634
"800",-96.75,37.75,808.679393716855
"801",-96.25,37.75,761.987659689854
"802",-95.75,37.75,799.844463505782
"803",-95.25,37.75,836.786291680473
"804",-94.75,37.75,772.267923020161
"805",-94.25,37.75,751.542740817182
"806",-93.75,37.75,802.24569433555
"807",-93.25,37.75,794.77413700847
"808",-92.75,37.75,796.618156694341
"809",-92.25,37.75,793.287288354477
"810",-91.75,37.75,743.882101860363
"811",-91.25,37.75,752.597407538444
"812",-90.75,37.75,675.835840577813
"813",-90.25,37.75,712.830569900107
"814",-89.75,37.75,755.112575631123
"815",-89.25,37.75,749.118915706407
"816",-88.75,37.75,751.366591906291
"817",-88.25,37.75,732.707652457088
"818",-87.75,37.75,723.710732610896
"819",-87.25,37.75,737.115458730492
"820",-86.75,37.75,729.56933437963
"821",-86.25,37.75,722.785475604935
"822",-85.75,37.75,764.686140029458
"823",-85.25,37.75,804.124516166681
"824",-84.75,37.75,803.112884926959
"825",-84.25,37.75,802.70216657978
"826",-83.75,37.75,740.872744244291
"827",-83.25,37.75,737.317825806502
"828",-82.75,37.75,648.098229087336
"829",-82.25,37.75,630.416225415072
"830",-81.75,37.75,564.107030822859
"831",-81.25,37.75,574.89612386073
"832",-80.75,37.75,641.651863050341
"833",-80.25,37.75,506.7877187212
"834",-104.25,37.25,402.324419915676
"835",-103.75,37.25,408.862474284135
"836",-103.25,37.25,429.717627134174
"837",-102.75,37.25,450.55431087641
"838",-102.25,37.25,476.207463792525
"839",-101.75,37.25,499.078619254055
"840",-101.25,37.25,519.593723365106
"841",-100.75,37.25,580.315428512404
"842",-100.25,37.25,555.978462207131
"843",-99.75,37.25,570.546917635947
"844",-99.25,37.25,591.605664885137
"845",-98.75,37.25,703.822851331439
"846",-98.25,37.25,620.192444503657
"847",-97.75,37.25,784.250160414726
"848",-97.25,37.25,798.30474997935
"849",-96.75,37.25,763.768685894553
"850",-96.25,37.25,761.755683803465
"851",-95.75,37.25,844.752384745516
"852",-95.25,37.25,848.950865716906
"853",-94.75,37.25,749.11925095343
"854",-94.25,37.25,811.477036571363
"855",-93.75,37.25,811.967702880385
"856",-93.25,37.25,816.622993955854
"857",-92.75,37.25,826.761944358703
"858",-92.25,37.25,822.19962118566
"859",-91.75,37.25,796.704895679606
"860",-91.25,37.25,784.487733765767
"861",-90.75,37.25,789.876401201356
"862",-90.25,37.25,798.587722795084
"863",-89.75,37.25,737.466177225346
"864",-89.25,37.25,770.380714413011
"865",-88.75,37.25,759.169930240139
"866",-88.25,37.25,736.858620115556
"867",-87.75,37.25,731.092376342043
"868",-87.25,37.25,735.01034246292
"869",-86.75,37.25,737.833749419311
"870",-86.25,37.25,726.780968893552
"871",-85.75,37.25,848.660628431215
"872",-85.25,37.25,831.519615926314
"873",-84.75,37.25,815.826200993964
"874",-84.25,37.25,745.270931835286
"875",-83.75,37.25,719.851382370805
"876",-83.25,37.25,715.36634644866
"877",-82.75,37.25,623.560595418792
"878",-82.25,37.25,608.860394834308
"879",-81.75,37.25,585.698660658789
"880",-81.25,37.25,632.41542063126
"881",-80.75,37.25,623.860408127308
"882",-80.25,37.25,510.099635916762
