# Dan Wang, David LeBauer, and Michael Dietze 2013. Predicting yields of short-rotation hybrid poplar (Populus spp.) for the United States through model–data synthesis. Ecological Applications 23:944–958. http://dx.doi.org/10.1890/12-0854.1
"lon","lat","poplar_yield"
-112.75,26.25,4.11
-112.25,26.25,5.16
-111.75,26.25,4.68
-111.25,26.25,3.53
-109.25,26.25,3.16
-108.75,26.25,2.54
-108.25,26.25,2.58
-107.75,26.25,2.6
-107.25,26.25,3.76
-106.75,26.25,3.57
-106.25,26.25,4.75
-105.75,26.25,4.15
-105.25,26.25,4.38
-104.75,26.25,4.21
-104.25,26.25,4.11
-103.75,26.25,3.96
-103.25,26.25,4.04
-102.75,26.25,4.42
-102.25,26.25,4.34
-101.75,26.25,4.5
-101.25,26.25,4.6
-100.75,26.25,5.02
-100.25,26.25,5.75
-99.75,26.25,5.7
-99.25,26.25,6.08
-98.75,26.25,6.03
-98.25,26.25,7.81
-97.75,26.25,8.99
-97.25,26.25,8.3
-81.75,26.25,0.0123
-81.25,26.25,0.0123
-80.75,26.25,0.0123
-80.25,26.25,0.0123
-77.25,26.25,11
-113.75,26.75,8.52
-113.25,26.75,7.46
-112.75,26.75,6.18
-112.25,26.75,5.12
-111.75,26.75,5.01
-109.75,26.75,3.65
-109.25,26.75,1.95
-108.75,26.75,2.01
-108.25,26.75,3.17
-107.75,26.75,3.13
-107.25,26.75,3.19
-106.75,26.75,3.21
-106.25,26.75,2.92
-105.75,26.75,3.99
-105.25,26.75,3.83
-104.75,26.75,3.93
-104.25,26.75,4.24
-103.75,26.75,4.22
-103.25,26.75,4.08
-102.75,26.75,3.74
-102.25,26.75,3.98
-101.75,26.75,4.3
-101.25,26.75,6.02
-100.75,26.75,6.53
-100.25,26.75,6.6
-99.75,26.75,6.8
-99.25,26.75,5.91
-98.75,26.75,6.63
-98.25,26.75,9.49
-97.75,26.75,9.57
-97.25,26.75,9.45
-82.25,26.75,0.0124
-81.75,26.75,0.0124
-81.25,26.75,0.0124
-80.75,26.75,0.0124
-80.25,26.75,0.0123
-78.75,26.75,11.3
-78.25,26.75,10.8
-77.75,26.75,10.8
-77.25,26.75,10.8
-114.25,27.25,8.57
-113.75,27.25,8.28
-113.25,27.25,0.0125
-112.75,27.25,7.13
-112.25,27.25,6.38
-110.25,27.25,2.2
-109.75,27.25,2.44
-109.25,27.25,2.39
-108.75,27.25,2.67
-108.25,27.25,3.74
-107.75,27.25,3.09
-107.25,27.25,3.23
-106.75,27.25,2.95
-106.25,27.25,3.03
-105.75,27.25,2.97
-105.25,27.25,5.61
-104.75,27.25,3.88
-104.25,27.25,4.2
-103.75,27.25,4.26
-103.25,27.25,4.42
-102.75,27.25,5.68
-102.25,27.25,4.34
-101.75,27.25,4.39
-101.25,27.25,4.65
-100.75,27.25,4.74
-100.25,27.25,5.75
-99.75,27.25,6.57
-99.25,27.25,5.85
-98.75,27.25,5.78
-98.25,27.25,5.44
-97.75,27.25,9.81
-97.25,27.25,7.92
-82.75,27.25,10.4
-82.25,27.25,0.0124
-81.75,27.25,0.0124
-81.25,27.25,0.0124
-80.75,27.25,0.0124
-80.25,27.25,0.0124
-114.75,27.75,8.83
-114.25,27.75,8.84
-113.75,27.75,8.67
-113.25,27.75,8.8
-112.75,27.75,7.85
-112.25,27.75,4.5
-110.75,27.75,4.72
-110.25,27.75,2.75
-109.75,27.75,2.58
-109.25,27.75,4.03
-108.75,27.75,3.03
-108.25,27.75,3.1
-107.75,27.75,2.98
-107.25,27.75,2.79
-106.75,27.75,2.61
-106.25,27.75,2.74
-105.75,27.75,5.75
-105.25,27.75,5.68
-104.75,27.75,3.22
-104.25,27.75,4.14
-103.75,27.75,4.1
-103.25,27.75,5.57
-102.75,27.75,3.99
-102.25,27.75,4.09
-101.75,27.75,4.3
-101.25,27.75,4.57
-100.75,27.75,5.37
-100.25,27.75,5.83
-99.75,27.75,5.39
-99.25,27.75,5.3
-98.75,27.75,6.75
-98.25,27.75,5.75
-97.75,27.75,7.32
-97.25,27.75,8.49
-82.75,27.75,10.6
-82.25,27.75,10.7
-81.75,27.75,10.8
-81.25,27.75,10.9
-80.75,27.75,11
-80.25,27.75,0.0124
-115.25,28.25,8.77
-114.25,28.25,8.76
-113.75,28.25,8.83
-113.25,28.25,8.59
-112.75,28.25,5.83
-111.25,28.25,2.93
-110.75,28.25,3.4
-110.25,28.25,3.11
-109.75,28.25,2.56
-109.25,28.25,5.06
-108.75,28.25,4.12
-108.25,28.25,3.62
-107.75,28.25,3.47
-107.25,28.25,2.69
-106.75,28.25,2.65
-106.25,28.25,2.77
-105.75,28.25,2.91
-105.25,28.25,6.16
-104.75,28.25,6.16
-104.25,28.25,6.27
-103.75,28.25,6.21
-103.25,28.25,4.97
-102.75,28.25,4.1
-102.25,28.25,4.12
-101.75,28.25,4.05
-101.25,28.25,4.54
-100.75,28.25,5.19
-100.25,28.25,4.24
-99.75,28.25,4.51
-99.25,28.25,6.04
-98.75,28.25,6.08
-98.25,28.25,7.58
-97.75,28.25,8.02
-97.25,28.25,8.92
-96.75,28.25,9.03
-82.75,28.25,11.1
-82.25,28.25,11.1
-81.75,28.25,11.2
-81.25,28.25,11.2
-80.75,28.25,11.1
-114.25,28.75,8.82
-113.75,28.75,8.76
-113.25,28.75,8.55
-112.25,28.75,4.27
-111.75,28.75,2.3
-111.25,28.75,2.74
-110.75,28.75,4.22
-110.25,28.75,4.17
-109.75,28.75,3.36
-109.25,28.75,3.23
-108.75,28.75,3.18
-108.25,28.75,3.28
-107.75,28.75,3.12
-107.25,28.75,2.93
-106.75,28.75,2.66
-106.25,28.75,2.69
-105.75,28.75,2.74
-105.25,28.75,5.82
-104.75,28.75,5.76
-104.25,28.75,5.81
-103.75,28.75,5.77
-103.25,28.75,5.08
-102.75,28.75,5.71
-102.25,28.75,3.91
-101.75,28.75,3.78
-101.25,28.75,4.73
-100.75,28.75,4.41
-100.25,28.75,4.76
-99.75,28.75,5.99
-99.25,28.75,6.79
-98.75,28.75,7.36
-98.25,28.75,8.02
-97.75,28.75,10.4
-97.25,28.75,10.6
-96.75,28.75,10.6
-96.25,28.75,9.76
-95.75,28.75,8.92
-95.25,28.75,9.05
-82.75,28.75,11.5
-82.25,28.75,10.2
-81.75,28.75,11.5
-81.25,28.75,9.83
-80.75,28.75,9.62
-118.25,29.25,9.56
-115.25,29.25,8.78
-114.75,29.25,8.81
-114.25,29.25,8.51
-113.75,29.25,8.12
-113.25,29.25,6.28
-112.25,29.25,5.61
-111.75,29.25,3.04
-111.25,29.25,4.52
-110.75,29.25,6.64
-110.25,29.25,6.5
-109.75,29.25,4.43
-109.25,29.25,3.58
-108.75,29.25,3.42
-108.25,29.25,3.59
-107.75,29.25,3.92
-107.25,29.25,3.62
-106.75,29.25,2.71
-106.25,29.25,2.77
-105.75,29.25,5.97
-105.25,29.25,5.97
-104.75,29.25,5.92
-104.25,29.25,2.78
-103.75,29.25,2.91
-103.25,29.25,2.97
-102.75,29.25,3.82
-102.25,29.25,4.18
-101.75,29.25,4.7
-101.25,29.25,5.42
-100.75,29.25,5.1
-100.25,29.25,4.93
-99.75,29.25,5.83
-99.25,29.25,7.05
-98.75,29.25,6.37
-98.25,29.25,7.26
-97.75,29.25,8.33
-97.25,29.25,8.25
-96.75,29.25,9.07
-96.25,29.25,8.42
-95.75,29.25,7.81
-95.25,29.25,8.44
-94.75,29.25,9.59
-91.25,29.25,11.8
-90.75,29.25,11.9
-90.25,29.25,11.3
-83.25,29.25,9.58
-82.75,29.25,9.61
-82.25,29.25,10.4
-81.75,29.25,10.1
-81.25,29.25,9.59
-80.75,29.25,9.96
-115.75,29.75,8.79
-115.25,29.75,7.28
-114.75,29.75,8.87
-114.25,29.75,8.72
-112.75,29.75,4.04
-112.25,29.75,4.11
-111.75,29.75,6.06
-111.25,29.75,8.35
-110.75,29.75,7.7
-110.25,29.75,6.18
-109.75,29.75,5.47
-109.25,29.75,2.95
-108.75,29.75,3.17
-108.25,29.75,2.76
-107.75,29.75,3.53
-107.25,29.75,3.17
-106.75,29.75,6.08
-106.25,29.75,5.95
-105.75,29.75,5.81
-105.25,29.75,5.57
-104.75,29.75,2.58
-104.25,29.75,2.93
-103.75,29.75,2.76
-103.25,29.75,2.83
-102.75,29.75,2.89
-102.25,29.75,3.7
-101.75,29.75,4.05
-101.25,29.75,4.98
-100.75,29.75,4.96
-100.25,29.75,5.23
-99.75,29.75,6.94
-99.25,29.75,7.26
-98.75,29.75,7.23
-98.25,29.75,7.18
-97.75,29.75,7.77
-97.25,29.75,6.71
-96.75,29.75,7.1
-96.25,29.75,6.39
-95.75,29.75,6.82
-95.25,29.75,8.66
-94.75,29.75,9.55
-94.25,29.75,10.1
-93.75,29.75,10.3
-93.25,29.75,11.5
-92.75,29.75,11.7
-92.25,29.75,11.7
-91.75,29.75,11.8
-91.25,29.75,11.5
-90.75,29.75,11.5
-90.25,29.75,11.9
-89.75,29.75,12
-85.25,29.75,6.06
-84.75,29.75,5.83
-83.75,29.75,6.29
-83.25,29.75,6.69
-82.75,29.75,6.79
-82.25,29.75,10.1
-81.75,29.75,7.7
-81.25,29.75,6.68
-115.75,30.25,8.53
-115.25,30.25,7.16
-114.75,30.25,7.37
-112.75,30.25,2.82
-112.25,30.25,3.65
-111.75,30.25,6.79
-111.25,30.25,8.59
-110.75,30.25,7.71
-110.25,30.25,7.37
-109.75,30.25,6.43
-109.25,30.25,3.7
-108.75,30.25,3.1
-108.25,30.25,3.3
-107.75,30.25,6.45
-107.25,30.25,5
-106.75,30.25,6.47
-106.25,30.25,5.99
-105.75,30.25,5.65
-105.25,30.25,5.59
-104.75,30.25,2.42
-104.25,30.25,3.29
-103.75,30.25,2.92
-103.25,30.25,2.38
-102.75,30.25,2.8
-102.25,30.25,2.94
-101.75,30.25,2.93
-101.25,30.25,2.42
-100.75,30.25,4.86
-100.25,30.25,5.33
-99.75,30.25,6.74
-99.25,30.25,6.9
-98.75,30.25,6.95
-98.25,30.25,7.33
-97.75,30.25,6.13
-97.25,30.25,6.74
-96.75,30.25,6.79
-96.25,30.25,6.73
-95.75,30.25,7.36
-95.25,30.25,9.16
-94.75,30.25,9.64
-94.25,30.25,9.53
-93.75,30.25,9.88
-93.25,30.25,11
-92.75,30.25,11.5
-92.25,30.25,11.6
-91.75,30.25,11.7
-91.25,30.25,11.6
-90.75,30.25,11.4
-90.25,30.25,11.2
-89.75,30.25,11.4
-89.25,30.25,11.3
-88.75,30.25,11.5
-88.25,30.25,10.8
-87.75,30.25,10.1
-87.25,30.25,10.5
-86.75,30.25,0.953
-86.25,30.25,1.43
-85.75,30.25,10.3
-85.25,30.25,10.3
-84.75,30.25,11.6
-84.25,30.25,9.77
-83.75,30.25,9.3
-83.25,30.25,6.36
-82.75,30.25,7.22
-82.25,30.25,7.54
-81.75,30.25,7.18
-81.25,30.25,3.76
-116.25,30.75,8.66
-115.75,30.75,8.87
-115.25,30.75,6.99
-114.75,30.75,7.72
-113.25,30.75,3.77
-112.75,30.75,3.23
-112.25,30.75,3.41
-111.75,30.75,5.35
-111.25,30.75,9.66
-110.75,30.75,8.77
-110.25,30.75,8.47
-109.75,30.75,6.65
-109.25,30.75,5.15
-108.75,30.75,2.83
-108.25,30.75,2.57
-107.75,30.75,3.68
-107.25,30.75,7.78
-106.75,30.75,5.45
-106.25,30.75,5.58
-105.75,30.75,5.53
-105.25,30.75,2.47
-104.75,30.75,2.31
-104.25,30.75,6.72
-103.75,30.75,4.22
-103.25,30.75,6.4
-102.75,30.75,2.3
-102.25,30.75,2.3
-101.75,30.75,2.34
-101.25,30.75,2.58
-100.75,30.75,3.55
-100.25,30.75,4.7
-99.75,30.75,4.75
-99.25,30.75,5.08
-98.75,30.75,5.09
-98.25,30.75,6.87
-97.75,30.75,7.33
-97.25,30.75,7.79
-96.75,30.75,8.32
-96.25,30.75,7.24
-95.75,30.75,8.73
-95.25,30.75,8.97
-94.75,30.75,9.83
-94.25,30.75,10
-93.75,30.75,11.5
-93.25,30.75,11.6
-92.75,30.75,11.7
-92.25,30.75,11.9
-91.75,30.75,11.7
-91.25,30.75,11.9
-90.75,30.75,12
-90.25,30.75,11.8
-89.75,30.75,11.6
-89.25,30.75,11.6
-88.75,30.75,11.6
-88.25,30.75,11.5
-87.75,30.75,11.6
-87.25,30.75,11.5
-86.75,30.75,0.938
-86.25,30.75,0.917
-85.75,30.75,7.41
-85.25,30.75,12
-84.75,30.75,11.7
-84.25,30.75,11.8
-83.75,30.75,7.74
-83.25,30.75,7.88
-82.75,30.75,8.01
-82.25,30.75,8.2
-81.75,30.75,5.66
-116.25,31.25,6.93
-115.75,31.25,7.16
-115.25,31.25,8.17
-114.75,31.25,5.57
-113.75,31.25,2.78
-113.25,31.25,2.75
-112.75,31.25,3.25
-112.25,31.25,3.56
-111.75,31.25,3.99
-111.25,31.25,6.52
-110.75,31.25,9.23
-110.25,31.25,8.45
-109.75,31.25,5.89
-109.25,31.25,5.65
-108.75,31.25,3.24
-108.25,31.25,3.04
-107.75,31.25,3.6
-107.25,31.25,3.33
-106.75,31.25,5.57
-106.25,31.25,5.78
-105.75,31.25,2.46
-105.25,31.25,2.4
-104.75,31.25,2.37
-104.25,31.25,2.72
-103.75,31.25,6.08
-103.25,31.25,5.04
-102.75,31.25,4.84
-102.25,31.25,4.78
-101.75,31.25,5.08
-101.25,31.25,2.55
-100.75,31.25,2.63
-100.25,31.25,3.48
-99.75,31.25,2.38
-99.25,31.25,3.66
-98.75,31.25,5.39
-98.25,31.25,5.86
-97.75,31.25,5.93
-97.25,31.25,6.5
-96.75,31.25,6.34
-96.25,31.25,6.76
-95.75,31.25,7.91
-95.25,31.25,8.78
-94.75,31.25,10.3
-94.25,31.25,11.3
-93.75,31.25,11.8
-93.25,31.25,11.9
-92.75,31.25,11.9
-92.25,31.25,11.9
-91.75,31.25,11.7
-91.25,31.25,11.8
-90.75,31.25,12
-90.25,31.25,11.9
-89.75,31.25,11.9
-89.25,31.25,11.8
-88.75,31.25,11.6
-88.25,31.25,11.7
-87.75,31.25,9.86
-87.25,31.25,0.945
-86.75,31.25,0.891
-86.25,31.25,0.878
-85.75,31.25,0.838
-85.25,31.25,11.3
-84.75,31.25,11.4
-84.25,31.25,0.866
-83.75,31.25,0.786
-83.25,31.25,3.96
-82.75,31.25,7.84
-82.25,31.25,7.6
-81.75,31.25,5.46
-81.25,31.25,5.52
-116.75,31.75,3.7
-116.25,31.75,4.78
-115.75,31.75,3.52
-115.25,31.75,3.51
-114.75,31.75,3.78
-114.25,31.75,3.4
-113.75,31.75,2.83
-113.25,31.75,2.3
-112.75,31.75,2.82
-112.25,31.75,3.92
-111.75,31.75,5.26
-111.25,31.75,5.88
-110.75,31.75,5.93
-110.25,31.75,4.48
-109.75,31.75,3.36
-109.25,31.75,4.65
-108.75,31.75,3.02
-108.25,31.75,2.5
-107.75,31.75,3.11
-107.25,31.75,4.33
-106.75,31.75,5.28
-106.25,31.75,5.45
-105.75,31.75,5.41
-105.25,31.75,4.61
-104.75,31.75,4.92
-104.25,31.75,5.38
-103.75,31.75,5.69
-103.25,31.75,5.39
-102.75,31.75,4.24
-102.25,31.75,4.25
-101.75,31.75,5.3
-101.25,31.75,3.01
-100.75,31.75,3.17
-100.25,31.75,2.97
-99.75,31.75,3.53
-99.25,31.75,4.27
-98.75,31.75,5.15
-98.25,31.75,5.4
-97.75,31.75,5.02
-97.25,31.75,5.36
-96.75,31.75,7.25
-96.25,31.75,8.34
-95.75,31.75,9.75
-95.25,31.75,9.28
-94.75,31.75,11
-94.25,31.75,11.5
-93.75,31.75,11.7
-93.25,31.75,11.8
-92.75,31.75,11.9
-92.25,31.75,11.8
-91.75,31.75,11.7
-91.25,31.75,11.8
-90.75,31.75,11.8
-90.25,31.75,11.8
-89.75,31.75,11.8
-89.25,31.75,11.8
-88.75,31.75,11.8
-88.25,31.75,10.3
-87.75,31.75,0.816
-87.25,31.75,0.849
-86.75,31.75,4.54
-86.25,31.75,5.33
-85.75,31.75,8.23
-85.25,31.75,0.814
-84.75,31.75,11.3
-84.25,31.75,8.11
-83.75,31.75,9.88
-83.25,31.75,8.38
-82.75,31.75,9.27
-82.25,31.75,6.14
-81.75,31.75,7.58
-81.25,31.75,6.92
-117.25,32.25,3.69
-116.75,32.25,3.58
-116.25,32.25,2.22
-115.75,32.25,1.69
-115.25,32.25,1.63
-114.75,32.25,2.02
-114.25,32.25,1.47
-113.75,32.25,2.26
-113.25,32.25,2.93
-112.75,32.25,3.23
-112.25,32.25,3.85
-111.75,32.25,4.39
-111.25,32.25,4.37
-110.75,32.25,6.54
-110.25,32.25,3.93
-109.75,32.25,3.54
-109.25,32.25,4.09
-108.75,32.25,3.12
-108.25,32.25,2.57
-107.75,32.25,2.94
-107.25,32.25,4.09
-106.75,32.25,4.27
-106.25,32.25,5.73
-105.75,32.25,5.68
-105.25,32.25,5.03
-104.75,32.25,2.68
-104.25,32.25,5.18
-103.75,32.25,5.44
-103.25,32.25,4.88
-102.75,32.25,4.67
-102.25,32.25,4.89
-101.75,32.25,4.87
-101.25,32.25,5.43
-100.75,32.25,6.37
-100.25,32.25,5.5
-99.75,32.25,3.72
-99.25,32.25,5.27
-98.75,32.25,6.01
-98.25,32.25,6.64
-97.75,32.25,6.51
-97.25,32.25,6.01
-96.75,32.25,7.58
-96.25,32.25,8.54
-95.75,32.25,8.94
-95.25,32.25,9.61
-94.75,32.25,9.94
-94.25,32.25,10.6
-93.75,32.25,11.2
-93.25,32.25,11.9
-92.75,32.25,11.7
-92.25,32.25,11.6
-91.75,32.25,11.8
-91.25,32.25,11.6
-90.75,32.25,11.4
-90.25,32.25,11.3
-89.75,32.25,11.7
-89.25,32.25,10.8
-88.75,32.25,10.8
-88.25,32.25,10.7
-87.75,32.25,10.4
-87.25,32.25,0.874
-86.75,32.25,2.49
-86.25,32.25,5.86
-85.75,32.25,0.859
-85.25,32.25,0.811
-84.75,32.25,4.81
-84.25,32.25,4.44
-83.75,32.25,5.6
-83.25,32.25,4.62
-82.75,32.25,1.59
-82.25,32.25,4.79
-81.75,32.25,5.57
-81.25,32.25,7.93
-80.75,32.25,6.06
-117.25,32.75,3.77
-116.75,32.75,3.6
-116.25,32.75,3.61
-115.75,32.75,2.35
-115.25,32.75,2.31
-114.75,32.75,1.25
-114.25,32.75,3.64
-113.75,32.75,2.36
-113.25,32.75,2.22
-112.75,32.75,3.57
-112.25,32.75,3.57
-111.75,32.75,4.51
-111.25,32.75,3.09
-110.75,32.75,3.92
-110.25,32.75,2.85
-109.75,32.75,3.14
-109.25,32.75,3.01
-108.75,32.75,2.93
-108.25,32.75,3.03
-107.75,32.75,3.01
-107.25,32.75,3.89
-106.75,32.75,3.07
-106.25,32.75,4.46
-105.75,32.75,5.33
-105.25,32.75,2.92
-104.75,32.75,2.8
-104.25,32.75,4.67
-103.75,32.75,4.62
-103.25,32.75,2.78
-102.75,32.75,4.88
-102.25,32.75,5.01
-101.75,32.75,5.71
-101.25,32.75,7.71
-100.75,32.75,6.18
-100.25,32.75,3.82
-99.75,32.75,8.82
-99.25,32.75,7.6
-98.75,32.75,7.9
-98.25,32.75,8.27
-97.75,32.75,6.22
-97.25,32.75,6.35
-96.75,32.75,6.28
-96.25,32.75,6.74
-95.75,32.75,0.752
-95.25,32.75,0.76
-94.75,32.75,0.751
-94.25,32.75,0.747
-93.75,32.75,11.6
-93.25,32.75,11.7
-92.75,32.75,11.3
-92.25,32.75,9.93
-91.75,32.75,10.9
-91.25,32.75,11.4
-90.75,32.75,11.1
-90.25,32.75,11.7
-89.75,32.75,11
-89.25,32.75,10.8
-88.75,32.75,11.1
-88.25,32.75,10.7
-87.75,32.75,0.773
-87.25,32.75,2.85
-86.75,32.75,4.1
-86.25,32.75,5.82
-85.75,32.75,0.824
-85.25,32.75,0.791
-84.75,32.75,0.804
-84.25,32.75,4.92
-83.75,32.75,4.56
-83.25,32.75,4.84
-82.75,32.75,0.604
-82.25,32.75,0.705
-81.75,32.75,5.9
-81.25,32.75,6.79
-80.75,32.75,6.73
-80.25,32.75,7.43
-79.75,32.75,8.28
-118.25,33.25,3.16
-117.75,33.25,3.18
-117.25,33.25,3.35
-116.75,33.25,2.55
-116.25,33.25,3.76
-115.75,33.25,3.33
-115.25,33.25,3.32
-114.75,33.25,3.46
-114.25,33.25,3.52
-113.75,33.25,3.39
-113.25,33.25,2.24
-112.75,33.25,1.81
-112.25,33.25,3.04
-111.75,33.25,4.48
-111.25,33.25,3.48
-110.75,33.25,3.37
-110.25,33.25,3.25
-109.75,33.25,3.2
-109.25,33.25,3.15
-108.75,33.25,3.09
-108.25,33.25,2.41
-107.75,33.25,2.92
-107.25,33.25,4.18
-106.75,33.25,3.52
-106.25,33.25,5.44
-105.75,33.25,3.86
-105.25,33.25,2.94
-104.75,33.25,2.85
-104.25,33.25,5.36
-103.75,33.25,4.95
-103.25,33.25,3.08
-102.75,33.25,5.36
-102.25,33.25,5.51
-101.75,33.25,5.59
-101.25,33.25,6.18
-100.75,33.25,4.31
-100.25,33.25,5.26
-99.75,33.25,7.28
-99.25,33.25,6.17
-98.75,33.25,8.13
-98.25,33.25,7.48
-97.75,33.25,6.96
-97.25,33.25,5.71
-96.75,33.25,4.87
-96.25,33.25,2.84
-95.75,33.25,5.68
-95.25,33.25,2.35
-94.75,33.25,0.734
-94.25,33.25,0.767
-93.75,33.25,0.836
-93.25,33.25,0.823
-92.75,33.25,0.801
-92.25,33.25,9.78
-91.75,33.25,10.6
-91.25,33.25,10.3
-90.75,33.25,10.4
-90.25,33.25,10.8
-89.75,33.25,10.9
-89.25,33.25,11.2
-88.75,33.25,11.1
-88.25,33.25,5.5
-87.75,33.25,5.74
-87.25,33.25,6.51
-86.75,33.25,6.9
-86.25,33.25,5.3
-85.75,33.25,5.34
-85.25,33.25,6.26
-84.75,33.25,5.87
-84.25,33.25,5.71
-83.75,33.25,5.42
-83.25,33.25,3.8
-82.75,33.25,2.1
-82.25,33.25,3.22
-81.75,33.25,7.46
-81.25,33.25,6.92
-80.75,33.25,6.63
-80.25,33.25,9.46
-79.75,33.25,11.5
-79.25,33.25,11.6
-120.25,33.75,3.64
-118.25,33.75,2.58
-117.75,33.75,2.51
-117.25,33.75,2.19
-116.75,33.75,3.18
-116.25,33.75,3.22
-115.75,33.75,3.25
-115.25,33.75,3.63
-114.75,33.75,3.34
-114.25,33.75,2.79
-113.75,33.75,1.46
-113.25,33.75,0.563
-112.75,33.75,0.571
-112.25,33.75,2.25
-111.75,33.75,5.85
-111.25,33.75,3.22
-110.75,33.75,3.14
-110.25,33.75,3.08
-109.75,33.75,3.26
-109.25,33.75,3.05
-108.75,33.75,3.16
-108.25,33.75,2.9
-107.75,33.75,3.12
-107.25,33.75,2.99
-106.75,33.75,3
-106.25,33.75,3.73
-105.75,33.75,3.13
-105.25,33.75,3.46
-104.75,33.75,2.84
-104.25,33.75,4.99
-103.75,33.75,4.86
-103.25,33.75,4.97
-102.75,33.75,5.27
-102.25,33.75,5.36
-101.75,33.75,6
-101.25,33.75,4.15
-100.75,33.75,7.73
-100.25,33.75,5.82
-99.75,33.75,4.28
-99.25,33.75,6.73
-98.75,33.75,7.63
-98.25,33.75,7.26
-97.75,33.75,7.32
-97.25,33.75,6.92
-96.75,33.75,7.45
-96.25,33.75,7.64
-95.75,33.75,4.46
-95.25,33.75,7.15
-94.75,33.75,1.51
-94.25,33.75,4.55
-93.75,33.75,4.27
-93.25,33.75,3.55
-92.75,33.75,2.54
-92.25,33.75,2.67
-91.75,33.75,3.33
-91.25,33.75,0.797
-90.75,33.75,8.97
-90.25,33.75,10.4
-89.75,33.75,10.6
-89.25,33.75,10.9
-88.75,33.75,10.9
-88.25,33.75,10.1
-87.75,33.75,11.3
-87.25,33.75,10.8
-86.75,33.75,5.64
-86.25,33.75,11.2
-85.75,33.75,8.58
-85.25,33.75,7.12
-84.75,33.75,5.25
-84.25,33.75,4.89
-83.75,33.75,5.27
-83.25,33.75,5.6
-82.75,33.75,5.86
-82.25,33.75,5.12
-81.75,33.75,9.59
-81.25,33.75,7.56
-80.75,33.75,11.7
-80.25,33.75,8.91
-79.75,33.75,8.87
-79.25,33.75,11.5
-78.75,33.75,11.4
-78.25,33.75,11.5
-120.25,34.25,3.38
-119.75,34.25,3.43
-119.25,34.25,2.18
-118.75,34.25,2.08
-118.25,34.25,2.02
-117.75,34.25,1.85
-117.25,34.25,1.82
-116.75,34.25,2.38
-116.25,34.25,2.67
-115.75,34.25,3.18
-115.25,34.25,3.47
-114.75,34.25,3.14
-114.25,34.25,2.04
-113.75,34.25,0.556
-113.25,34.25,1.74
-112.75,34.25,2.09
-112.25,34.25,3.06
-111.75,34.25,4.6
-111.25,34.25,4.53
-110.75,34.25,3.32
-110.25,34.25,3.59
-109.75,34.25,3.43
-109.25,34.25,3.33
-108.75,34.25,2.88
-108.25,34.25,2.58
-107.75,34.25,3.44
-107.25,34.25,5.1
-106.75,34.25,5.63
-106.25,34.25,3.92
-105.75,34.25,3.77
-105.25,34.25,3.08
-104.75,34.25,1.48
-104.25,34.25,5.45
-103.75,34.25,4.73
-103.25,34.25,4.54
-102.75,34.25,4.89
-102.25,34.25,1.83
-101.75,34.25,2.03
-101.25,34.25,2.15
-100.75,34.25,6.94
-100.25,34.25,2.22
-99.75,34.25,4.14
-99.25,34.25,5.71
-98.75,34.25,5.98
-98.25,34.25,6.38
-97.75,34.25,7.15
-97.25,34.25,7.41
-96.75,34.25,5.16
-96.25,34.25,7.35
-95.75,34.25,5.25
-95.25,34.25,4.96
-94.75,34.25,4.43
-94.25,34.25,6.56
-93.75,34.25,3.68
-93.25,34.25,5.39
-92.75,34.25,3.86
-92.25,34.25,10.3
-91.75,34.25,10.3
-91.25,34.25,3.84
-90.75,34.25,8.48
-90.25,34.25,9.72
-89.75,34.25,11
-89.25,34.25,11.5
-88.75,34.25,11.7
-88.25,34.25,11.6
-87.75,34.25,11.8
-87.25,34.25,8.89
-86.75,34.25,11.3
-86.25,34.25,11.3
-85.75,34.25,10.2
-85.25,34.25,9.24
-84.75,34.25,9.43
-84.25,34.25,10.3
-83.75,34.25,7.76
-83.25,34.25,9.58
-82.75,34.25,12.2
-82.25,34.25,11.9
-81.75,34.25,10.5
-81.25,34.25,10.5
-80.75,34.25,12
-80.25,34.25,9.98
-79.75,34.25,10.1
-79.25,34.25,10.8
-78.75,34.25,11.6
-78.25,34.25,9.66
-77.75,34.25,7.58
-120.75,34.75,5.46
-120.25,34.75,3.81
-119.75,34.75,2.7
-119.25,34.75,2.45
-118.75,34.75,2.38
-118.25,34.75,2.6
-117.75,34.75,2.46
-117.25,34.75,2.24
-116.75,34.75,1.96
-116.25,34.75,2.47
-115.75,34.75,3.14
-115.25,34.75,2.92
-114.75,34.75,2.58
-114.25,34.75,2.61
-113.75,34.75,2.23
-113.25,34.75,0.475
-112.75,34.75,2.01
-112.25,34.75,2.42
-111.75,34.75,4.34
-111.25,34.75,4.34
-110.75,34.75,3.04
-110.25,34.75,4.56
-109.75,34.75,3.39
-109.25,34.75,2.45
-108.75,34.75,3.24
-108.25,34.75,3.13
-107.75,34.75,3.68
-107.25,34.75,4.41
-106.75,34.75,5.03
-106.25,34.75,4.68
-105.75,34.75,4.37
-105.25,34.75,3.06
-104.75,34.75,1.26
-104.25,34.75,1.37
-103.75,34.75,2.98
-103.25,34.75,3.06
-102.75,34.75,1.82
-102.25,34.75,1.65
-101.75,34.75,1.65
-101.25,34.75,2.59
-100.75,34.75,2.58
-100.25,34.75,2.69
-99.75,34.75,4.55
-99.25,34.75,5.63
-98.75,34.75,7.28
-98.25,34.75,7.98
-97.75,34.75,9.29
-97.25,34.75,9.43
-96.75,34.75,9.36
-96.25,34.75,8.91
-95.75,34.75,6.22
-95.25,34.75,7.63
-94.75,34.75,8.23
-94.25,34.75,7.62
-93.75,34.75,7.54
-93.25,34.75,6.63
-92.75,34.75,8.51
-92.25,34.75,6.97
-91.75,34.75,6.69
-91.25,34.75,7.91
-90.75,34.75,7.61
-90.25,34.75,6.16
-89.75,34.75,9.12
-89.25,34.75,11.3
-88.75,34.75,8.71
-88.25,34.75,10.9
-87.75,34.75,11.4
-87.25,34.75,11.3
-86.75,34.75,10.9
-86.25,34.75,10.6
-85.75,34.75,9.92
-85.25,34.75,10.7
-84.75,34.75,7.7
-84.25,34.75,9.49
-83.75,34.75,7.02
-83.25,34.75,9.51
-82.75,34.75,11.6
-82.25,34.75,9.57
-81.75,34.75,10
-81.25,34.75,9.15
-80.75,34.75,5.71
-80.25,34.75,7.23
-79.75,34.75,8.26
-79.25,34.75,11.6
-78.75,34.75,11.2
-78.25,34.75,8.65
-77.75,34.75,8.58
-77.25,34.75,10.3
-76.75,34.75,10.7
-120.75,35.25,10.3
-120.25,35.25,3.92
-119.75,35.25,3.25
-119.25,35.25,2.16
-118.75,35.25,2.34
-118.25,35.25,2.3
-117.75,35.25,1.76
-117.25,35.25,2.93
-116.75,35.25,2.97
-116.25,35.25,2.84
-115.75,35.25,2.94
-115.25,35.25,2.77
-114.75,35.25,2.77
-114.25,35.25,2.76
-113.75,35.25,2.02
-113.25,35.25,1.95
-112.75,35.25,1.84
-112.25,35.25,1.81
-111.75,35.25,1.17
-111.25,35.25,3.32
-110.75,35.25,4.64
-110.25,35.25,4.47
-109.75,35.25,4.21
-109.25,35.25,1.84
-108.75,35.25,3.26
-108.25,35.25,3.8
-107.75,35.25,3.94
-107.25,35.25,4.77
-106.75,35.25,4.64
-106.25,35.25,4.04
-105.75,35.25,4.55
-105.25,35.25,2.83
-104.75,35.25,2.88
-104.25,35.25,0.578
-103.75,35.25,0.926
-103.25,35.25,4.36
-102.75,35.25,2.14
-102.25,35.25,2.34
-101.75,35.25,2.25
-101.25,35.25,2.2
-100.75,35.25,2.21
-100.25,35.25,2.3
-99.75,35.25,2.51
-99.25,35.25,5.43
-98.75,35.25,6.8
-98.25,35.25,7.89
-97.75,35.25,8.75
-97.25,35.25,9.21
-96.75,35.25,9.07
-96.25,35.25,9.49
-95.75,35.25,8.84
-95.25,35.25,8.65
-94.75,35.25,8.28
-94.25,35.25,8.47
-93.75,35.25,8.09
-93.25,35.25,7.68
-92.75,35.25,7.37
-92.25,35.25,7.33
-91.75,35.25,7.34
-91.25,35.25,7.56
-90.75,35.25,7.62
-90.25,35.25,6.55
-89.75,35.25,10.6
-89.25,35.25,11.3
-88.75,35.25,11.1
-88.25,35.25,11.3
-87.75,35.25,11.1
-87.25,35.25,11.2
-86.75,35.25,11.9
-86.25,35.25,11.8
-85.75,35.25,12
-85.25,35.25,11.1
-84.75,35.25,10.3
-84.25,35.25,9.18
-83.75,35.25,9.63
-83.25,35.25,9.76
-82.75,35.25,9.12
-82.25,35.25,9.5
-81.75,35.25,9.51
-81.25,35.25,8.64
-80.75,35.25,9.26
-80.25,35.25,9.2
-79.75,35.25,11.4
-79.25,35.25,11.8
-78.75,35.25,11.3
-78.25,35.25,7.98
-77.75,35.25,7.87
-77.25,35.25,9.37
-76.75,35.25,10.7
-76.25,35.25,11.1
-121.25,35.75,17.8
-120.75,35.75,12.4
-120.25,35.75,9.64
-119.75,35.75,3.46
-119.25,35.75,2.84
-118.75,35.75,2.16
-118.25,35.75,2.17
-117.75,35.75,1.97
-117.25,35.75,1.53
-116.75,35.75,1.37
-116.25,35.75,0.671
-115.75,35.75,0.901
-115.25,35.75,1.23
-114.75,35.75,0.1
-114.25,35.75,0.854
-113.75,35.75,1.28
-113.25,35.75,2.1
-112.75,35.75,2.69
-112.25,35.75,2.62
-111.75,35.75,1.47
-111.25,35.75,4.68
-110.75,35.75,2.2
-110.25,35.75,3.2
-109.75,35.75,2.98
-109.25,35.75,2.87
-108.75,35.75,2.11
-108.25,35.75,3.24
-107.75,35.75,3.77
-107.25,35.75,5.18
-106.75,35.75,5.58
-106.25,35.75,4.1
-105.75,35.75,4.43
-105.25,35.75,4.2
-104.75,35.75,3.06
-104.25,35.75,2.82
-103.75,35.75,1.17
-103.25,35.75,2.94
-102.75,35.75,3.01
-102.25,35.75,1.64
-101.75,35.75,1.78
-101.25,35.75,2.72
-100.75,35.75,2.76
-100.25,35.75,2.94
-99.75,35.75,3.12
-99.25,35.75,3.96
-98.75,35.75,6.77
-98.25,35.75,6.59
-97.75,35.75,6.82
-97.25,35.75,7.59
-96.75,35.75,9.31
-96.25,35.75,11.7
-95.75,35.75,11.3
-95.25,35.75,11.5
-94.75,35.75,11.8
-94.25,35.75,11.1
-93.75,35.75,10.8
-93.25,35.75,11.8
-92.75,35.75,11.4
-92.25,35.75,11.4
-91.75,35.75,10.2
-91.25,35.75,9.49
-90.75,35.75,9.03
-90.25,35.75,9.68
-89.75,35.75,9.98
-89.25,35.75,12
-88.75,35.75,11.6
-88.25,35.75,11.7
-87.75,35.75,10.8
-87.25,35.75,10.8
-86.75,35.75,12.2
-86.25,35.75,11.8
-85.75,35.75,11.8
-85.25,35.75,11.2
-84.75,35.75,10.4
-84.25,35.75,9.86
-83.75,35.75,9.67
-83.25,35.75,9.6
-82.75,35.75,9.29
-82.25,35.75,7.84
-81.75,35.75,8.69
-81.25,35.75,8.13
-80.75,35.75,8.36
-80.25,35.75,9.4
-79.75,35.75,11.1
-79.25,35.75,11.5
-78.75,35.75,9.94
-78.25,35.75,10.1
-77.75,35.75,9.91
-77.25,35.75,12.4
-76.75,35.75,10.4
-76.25,35.75,13.1
-75.75,35.75,11.2
-121.75,36.25,11.7
-121.25,36.25,13.9
-120.75,36.25,17.5
-120.25,36.25,10.2
-119.75,36.25,4.54
-119.25,36.25,3.19
-118.75,36.25,1.83
-118.25,36.25,0.525
-117.75,36.25,1.28
-117.25,36.25,2.97
-116.75,36.25,2.93
-116.25,36.25,2.59
-115.75,36.25,0.901
-115.25,36.25,1.08
-114.75,36.25,2.71
-114.25,36.25,2.7
-113.75,36.25,1.04
-113.25,36.25,2.35
-112.75,36.25,2.55
-112.25,36.25,1.9
-111.75,36.25,3.41
-111.25,36.25,2.86
-110.75,36.25,1.61
-110.25,36.25,1.05
-109.75,36.25,3.97
-109.25,36.25,2.26
-108.75,36.25,3.67
-108.25,36.25,2.2
-107.75,36.25,2.21
-107.25,36.25,4.61
-106.75,36.25,4.54
-106.25,36.25,3.78
-105.75,36.25,3.87
-105.25,36.25,4.26
-104.75,36.25,3.57
-104.25,36.25,0.741
-103.75,36.25,4.35
-103.25,36.25,4.63
-102.75,36.25,4.6
-102.25,36.25,4.75
-101.75,36.25,2.43
-101.25,36.25,2.45
-100.75,36.25,2.64
-100.25,36.25,2.64
-99.75,36.25,3.32
-99.25,36.25,4.48
-98.75,36.25,3.66
-98.25,36.25,7.07
-97.75,36.25,7.34
-97.25,36.25,8.34
-96.75,36.25,8.92
-96.25,36.25,11.1
-95.75,36.25,10.9
-95.25,36.25,10.9
-94.75,36.25,11.1
-94.25,36.25,10.9
-93.75,36.25,9.1
-93.25,36.25,9.19
-92.75,36.25,8.75
-92.25,36.25,9.14
-91.75,36.25,8.74
-91.25,36.25,8.51
-90.75,36.25,9.68
-90.25,36.25,10.6
-89.75,36.25,13.3
-89.25,36.25,13.6
-88.75,36.25,13.4
-88.25,36.25,13.4
-87.75,36.25,13
-87.25,36.25,13.7
-86.75,36.25,13.6
-86.25,36.25,15
-85.75,36.25,13.4
-85.25,36.25,13.2
-84.75,36.25,12.1
-84.25,36.25,11.8
-83.75,36.25,12.4
-83.25,36.25,11.7
-82.75,36.25,12.3
-82.25,36.25,12.5
-81.75,36.25,11.6
-81.25,36.25,11.6
-80.75,36.25,12.8
-80.25,36.25,12.4
-79.75,36.25,12.5
-79.25,36.25,11.4
-78.75,36.25,8.59
-78.25,36.25,9.17
-77.75,36.25,10.1
-77.25,36.25,10.7
-76.75,36.25,12.1
-76.25,36.25,12
-75.75,36.25,11.6
-121.75,36.75,9.98
-121.25,36.75,11.9
-120.75,36.75,15.7
-120.25,36.75,10.6
-119.75,36.75,9.3
-119.25,36.75,3.81
-118.75,36.75,0.0985
-118.25,36.75,0.408
-117.75,36.75,1.47
-117.25,36.75,1.44
-116.75,36.75,0.152
-116.25,36.75,1.19
-115.75,36.75,1.38
-115.25,36.75,2.53
-114.75,36.75,1.94
-114.25,36.75,1.18
-113.75,36.75,1.47
-113.25,36.75,1.63
-112.75,36.75,0.152
-112.25,36.75,3.44
-111.75,36.75,3.53
-111.25,36.75,1.23
-110.75,36.75,3.89
-110.25,36.75,2.67
-109.75,36.75,2.11
-109.25,36.75,2.49
-108.75,36.75,2.99
-108.25,36.75,3.93
-107.75,36.75,5.7
-107.25,36.75,5.57
-106.75,36.75,4.15
-106.25,36.75,3.81
-105.75,36.75,4.09
-105.25,36.75,3.04
-104.75,36.75,0.437
-104.25,36.75,1.11
-103.75,36.75,0.494
-103.25,36.75,1.19
-102.75,36.75,1.43
-102.25,36.75,1.7
-101.75,36.75,2.06
-101.25,36.75,2.5
-100.75,36.75,2.67
-100.25,36.75,2.77
-99.75,36.75,3.89
-99.25,36.75,5.41
-98.75,36.75,8.54
-98.25,36.75,7.62
-97.75,36.75,8.22
-97.25,36.75,9.04
-96.75,36.75,11.3
-96.25,36.75,10.1
-95.75,36.75,10.7
-95.25,36.75,10.8
-94.75,36.75,11.4
-94.25,36.75,12.6
-93.75,36.75,12.4
-93.25,36.75,12.3
-92.75,36.75,12
-92.25,36.75,11.9
-91.75,36.75,11.5
-91.25,36.75,10.9
-90.75,36.75,11.9
-90.25,36.75,13
-89.75,36.75,13.3
-89.25,36.75,13.4
-88.75,36.75,13.9
-88.25,36.75,14
-87.75,36.75,13.8
-87.25,36.75,14.5
-86.75,36.75,14.5
-86.25,36.75,14.1
-85.75,36.75,13.4
-85.25,36.75,12.5
-84.75,36.75,11.9
-84.25,36.75,12
-83.75,36.75,11.2
-83.25,36.75,11.6
-82.75,36.75,11.6
-82.25,36.75,12
-81.75,36.75,12
-81.25,36.75,11.7
-80.75,36.75,12.1
-80.25,36.75,12.1
-79.75,36.75,11.1
-79.25,36.75,10.7
-78.75,36.75,7.29
-78.25,36.75,10
-77.75,36.75,11.3
-77.25,36.75,11.9
-76.75,36.75,14
-76.25,36.75,15.5
-122.25,37.25,13.7
-121.75,37.25,10.4
-121.25,37.25,6.98
-120.75,37.25,8.5
-120.25,37.25,14.6
-119.75,37.25,10.6
-119.25,37.25,6.5
-118.75,37.25,2.61
-118.25,37.25,0.121
-117.75,37.25,1.33
-117.25,37.25,1.62
-116.75,37.25,1.02
-116.25,37.25,0.892
-115.75,37.25,1.12
-115.25,37.25,2.52
-114.75,37.25,2.67
-114.25,37.25,2
-113.75,37.25,1.44
-113.25,37.25,3.25
-112.75,37.25,3.51
-112.25,37.25,3.6
-111.75,37.25,0.142
-111.25,37.25,3.52
-110.75,37.25,1.62
-110.25,37.25,3.15
-109.75,37.25,3.99
-109.25,37.25,2.09
-108.75,37.25,4.34
-108.25,37.25,5.84
-107.75,37.25,7.47
-107.25,37.25,5.01
-106.75,37.25,3.75
-106.25,37.25,3.79
-105.75,37.25,3.63
-105.25,37.25,3.02
-104.75,37.25,2.06
-104.25,37.25,1.43
-103.75,37.25,1.5
-103.25,37.25,1.61
-102.75,37.25,1.61
-102.25,37.25,1.99
-101.75,37.25,2.38
-101.25,37.25,5.23
-100.75,37.25,5.01
-100.25,37.25,2.58
-99.75,37.25,4.27
-99.25,37.25,10.3
-98.75,37.25,9.7
-98.25,37.25,7.58
-97.75,37.25,8.46
-97.25,37.25,9.67
-96.75,37.25,10.3
-96.25,37.25,10.3
-95.75,37.25,9.74
-95.25,37.25,10.2
-94.75,37.25,11.7
-94.25,37.25,11.3
-93.75,37.25,10.9
-93.25,37.25,11.5
-92.75,37.25,11.5
-92.25,37.25,11.1
-91.75,37.25,11
-91.25,37.25,11.3
-90.75,37.25,10.3
-90.25,37.25,11.4
-89.75,37.25,14.5
-89.25,37.25,14.8
-88.75,37.25,14.9
-88.25,37.25,14.9
-87.75,37.25,13.8
-87.25,37.25,15.3
-86.75,37.25,15.7
-86.25,37.25,15.4
-85.75,37.25,15.3
-85.25,37.25,14.8
-84.75,37.25,13.6
-84.25,37.25,13.9
-83.75,37.25,13.7
-83.25,37.25,13.8
-82.75,37.25,13.5
-82.25,37.25,13.8
-81.75,37.25,13.4
-81.25,37.25,11.7
-80.75,37.25,11.9
-80.25,37.25,11
-79.75,37.25,11.3
-79.25,37.25,11.9
-78.75,37.25,12.3
-78.25,37.25,11.7
-77.75,37.25,11.8
-77.25,37.25,13.9
-76.75,37.25,14.8
-76.25,37.25,15
-75.75,37.25,15.2
-122.75,37.75,13.8
-122.25,37.75,12.5
-121.75,37.75,11.5
-121.25,37.75,5.73
-120.75,37.75,4.66
-120.25,37.75,7.09
-119.75,37.75,13.4
-119.25,37.75,11
-118.75,37.75,6.93
-118.25,37.75,0.135
-117.75,37.75,2.23
-117.25,37.75,2.05
-116.75,37.75,2.04
-116.25,37.75,1.85
-115.75,37.75,1.72
-115.25,37.75,2.63
-114.75,37.75,2.73
-114.25,37.75,4.4
-113.75,37.75,4.31
-113.25,37.75,3.05
-112.75,37.75,2.31
-112.25,37.75,1.62
-111.75,37.75,1.87
-111.25,37.75,4.34
-110.75,37.75,4.15
-110.25,37.75,2.3
-109.75,37.75,2.98
-109.25,37.75,2.21
-108.75,37.75,1.87
-108.25,37.75,3.81
-107.75,37.75,4.22
-107.25,37.75,4.27
-106.75,37.75,6.53
-106.25,37.75,4.27
-105.75,37.75,2.5
-105.25,37.75,2.9
-104.75,37.75,5.27
-104.25,37.75,2.68
-103.75,37.75,0.452
-103.25,37.75,0.571
-102.75,37.75,0.734
-102.25,37.75,1.71
-101.75,37.75,1.93
-101.25,37.75,2.8
-100.75,37.75,6.71
-100.25,37.75,2.89
-99.75,37.75,5.13
-99.25,37.75,5.69
-98.75,37.75,6.8
-98.25,37.75,8.67
-97.75,37.75,9.95
-97.25,37.75,9.54
-96.75,37.75,12.3
-96.25,37.75,12.4
-95.75,37.75,12.1
-95.25,37.75,14.7
-94.75,37.75,14.3
-94.25,37.75,14.5
-93.75,37.75,14.6
-93.25,37.75,14.6
-92.75,37.75,13.6
-92.25,37.75,14.3
-91.75,37.75,13.8
-91.25,37.75,14
-90.75,37.75,13.9
-90.25,37.75,14.3
-89.75,37.75,14.7
-89.25,37.75,14.4
-88.75,37.75,14.6
-88.25,37.75,14.9
-87.75,37.75,14.6
-87.25,37.75,15
-86.75,37.75,15.1
-86.25,37.75,14.6
-85.75,37.75,15.3
-85.25,37.75,15.3
-84.75,37.75,14.3
-84.25,37.75,14.3
-83.75,37.75,14.6
-83.25,37.75,13.9
-82.75,37.75,12.9
-82.25,37.75,12.6
-81.75,37.75,11.9
-81.25,37.75,10.3
-80.75,37.75,10.7
-80.25,37.75,10.1
-79.75,37.75,11.6
-79.25,37.75,11.6
-78.75,37.75,12.2
-78.25,37.75,14.7
-77.75,37.75,15.2
-77.25,37.75,15.4
-76.75,37.75,15.8
-76.25,37.75,15.8
-75.75,37.75,15.2
-123.25,38.25,14.2
-122.75,38.25,13.6
-122.25,38.25,13.6
-121.75,38.25,13
-121.25,38.25,7.68
-120.75,38.25,4.31
-120.25,38.25,3.55
-119.75,38.25,4.85
-119.25,38.25,12.2
-118.75,38.25,0.134
-118.25,38.25,0.129
-117.75,38.25,4.07
-117.25,38.25,3.13
-116.75,38.25,4.59
-116.25,38.25,2.49
-115.75,38.25,2.42
-115.25,38.25,2.54
-114.75,38.25,2.52
-114.25,38.25,2.76
-113.75,38.25,2.91
-113.25,38.25,2.75
-112.75,38.25,2.35
-112.25,38.25,2.14
-111.75,38.25,2.07
-111.25,38.25,1.5
-110.75,38.25,1.74
-110.25,38.25,4.08
-109.75,38.25,1.72
-109.25,38.25,4.57
-108.75,38.25,2.03
-108.25,38.25,2.06
-107.75,38.25,2.23
-107.25,38.25,2.29
-106.75,38.25,3.85
-106.25,38.25,3.64
-105.75,38.25,2.81
-105.25,38.25,6.03
-104.75,38.25,5.62
-104.25,38.25,2.61
-103.75,38.25,1.96
-103.25,38.25,2.26
-102.75,38.25,2.26
-102.25,38.25,2.3
-101.75,38.25,2.38
-101.25,38.25,2.4
-100.75,38.25,2.57
-100.25,38.25,2.72
-99.75,38.25,3.07
-99.25,38.25,3.31
-98.75,38.25,2.96
-98.25,38.25,3.21
-97.75,38.25,3.35
-97.25,38.25,9.42
-96.75,38.25,12.3
-96.25,38.25,13.2
-95.75,38.25,14.2
-95.25,38.25,14.2
-94.75,38.25,14
-94.25,38.25,14.6
-93.75,38.25,13.9
-93.25,38.25,13
-92.75,38.25,13
-92.25,38.25,14.3
-91.75,38.25,13.1
-91.25,38.25,13.4
-90.75,38.25,14
-90.25,38.25,13.5
-89.75,38.25,15.8
-89.25,38.25,15.6
-88.75,38.25,15.8
-88.25,38.25,15.9
-87.75,38.25,16
-87.25,38.25,16
-86.75,38.25,16
-86.25,38.25,16.3
-85.75,38.25,16.5
-85.25,38.25,15.8
-84.75,38.25,15.8
-84.25,38.25,15.9
-83.75,38.25,15.7
-83.25,38.25,14.1
-82.75,38.25,13.4
-82.25,38.25,12.4
-81.75,38.25,11.8
-81.25,38.25,11.8
-80.75,38.25,11.4
-80.25,38.25,13
-79.75,38.25,13.9
-79.25,38.25,14.5
-78.75,38.25,15
-78.25,38.25,14.9
-77.75,38.25,14.8
-77.25,38.25,14.9
-76.75,38.25,15.3
-76.25,38.25,15.2
-75.75,38.25,15.3
-75.25,38.25,15.4
-123.75,38.75,13.8
-123.25,38.75,8.87
-122.75,38.75,9.89
-122.25,38.75,9.03
-121.75,38.75,8.28
-121.25,38.75,8.31
-120.75,38.75,5.77
-120.25,38.75,3.47
-119.75,38.75,3.02
-119.25,38.75,5.05
-118.75,38.75,0.139
-118.25,38.75,2.18
-117.75,38.75,4.46
-117.25,38.75,4.65
-116.75,38.75,5.74
-116.25,38.75,6.47
-115.75,38.75,2.78
-115.25,38.75,3.07
-114.75,38.75,3.07
-114.25,38.75,3.2
-113.75,38.75,3.83
-113.25,38.75,3.02
-112.75,38.75,2.94
-112.25,38.75,2.64
-111.75,38.75,1.62
-111.25,38.75,1.51
-110.75,38.75,4.15
-110.25,38.75,4.22
-109.75,38.75,1.59
-109.25,38.75,2.27
-108.75,38.75,1.54
-108.25,38.75,2.05
-107.75,38.75,1.65
-107.25,38.75,1.8
-106.75,38.75,3.58
-106.25,38.75,1.88
-105.75,38.75,3.54
-105.25,38.75,3.12
-104.75,38.75,1.96
-104.25,38.75,2.1
-103.75,38.75,2.07
-103.25,38.75,1.65
-102.75,38.75,4.28
-102.25,38.75,1.49
-101.75,38.75,1.53
-101.25,38.75,2.24
-100.75,38.75,7.66
-100.25,38.75,2.58
-99.75,38.75,2.9
-99.25,38.75,2.87
-98.75,38.75,2.91
-98.25,38.75,3.48
-97.75,38.75,3.89
-97.25,38.75,11.1
-96.75,38.75,13.5
-96.25,38.75,14.2
-95.75,38.75,14.8
-95.25,38.75,15
-94.75,38.75,15.4
-94.25,38.75,15.6
-93.75,38.75,15.4
-93.25,38.75,14.5
-92.75,38.75,15.1
-92.25,38.75,15.4
-91.75,38.75,15.3
-91.25,38.75,15.1
-90.75,38.75,15
-90.25,38.75,15.2
-89.75,38.75,15.2
-89.25,38.75,15.4
-88.75,38.75,15.6
-88.25,38.75,15.6
-87.75,38.75,15.6
-87.25,38.75,15.4
-86.75,38.75,15.5
-86.25,38.75,15.5
-85.75,38.75,15.7
-85.25,38.75,16.1
-84.75,38.75,15.8
-84.25,38.75,16
-83.75,38.75,15.4
-83.25,38.75,15.2
-82.75,38.75,14
-82.25,38.75,12
-81.75,38.75,12.1
-81.25,38.75,11.8
-80.75,38.75,14.4
-80.25,38.75,14.7
-79.75,38.75,14.6
-79.25,38.75,14.5
-78.75,38.75,14.4
-78.25,38.75,15.3
-77.75,38.75,15.4
-77.25,38.75,15.1
-76.75,38.75,15.2
-76.25,38.75,15.7
-75.75,38.75,15.5
-75.25,38.75,15.8
-123.75,39.25,9.27
-123.25,39.25,9.26
-122.75,39.25,11.6
-122.25,39.25,8.41
-121.75,39.25,8.42
-121.25,39.25,8.48
-120.75,39.25,5.49
-120.25,39.25,4.34
-119.75,39.25,2.99
-119.25,39.25,3.65
-118.75,39.25,8.73
-118.25,39.25,4.31
-117.75,39.25,5.53
-117.25,39.25,4.77
-116.75,39.25,4.74
-116.25,39.25,4.24
-115.75,39.25,2.16
-115.25,39.25,1.89
-114.75,39.25,1.78
-114.25,39.25,1.96
-113.75,39.25,2.65
-113.25,39.25,2.79
-112.75,39.25,2.98
-112.25,39.25,2.17
-111.75,39.25,2.02
-111.25,39.25,3.22
-110.75,39.25,3.32
-110.25,39.25,1.6
-109.75,39.25,1.78
-109.25,39.25,1.86
-108.75,39.25,2.04
-108.25,39.25,1.93
-107.75,39.25,1.89
-107.25,39.25,1.73
-106.75,39.25,2.1
-106.25,39.25,1.97
-105.75,39.25,3.22
-105.25,39.25,3.26
-104.75,39.25,2.72
-104.25,39.25,2.43
-103.75,39.25,2.45
-103.25,39.25,2.54
-102.75,39.25,2.44
-102.25,39.25,2.37
-101.75,39.25,2.44
-101.25,39.25,2.47
-100.75,39.25,2.15
-100.25,39.25,2.42
-99.75,39.25,2.92
-99.25,39.25,4.43
-98.75,39.25,6.54
-98.25,39.25,3.54
-97.75,39.25,3.58
-97.25,39.25,8.38
-96.75,39.25,13.5
-96.25,39.25,13.3
-95.75,39.25,13.8
-95.25,39.25,14.1
-94.75,39.25,14.9
-94.25,39.25,15.3
-93.75,39.25,15.4
-93.25,39.25,14.8
-92.75,39.25,14.9
-92.25,39.25,14.9
-91.75,39.25,14.5
-91.25,39.25,14.3
-90.75,39.25,14.2
-90.25,39.25,14.2
-89.75,39.25,15.6
-89.25,39.25,15.7
-88.75,39.25,15.7
-88.25,39.25,15.9
-87.75,39.25,16
-87.25,39.25,15.9
-86.75,39.25,16.1
-86.25,39.25,16
-85.75,39.25,16.2
-85.25,39.25,16.6
-84.75,39.25,16.5
-84.25,39.25,16.3
-83.75,39.25,16.4
-83.25,39.25,14.5
-82.75,39.25,13
-82.25,39.25,12.8
-81.75,39.25,15.8
-81.25,39.25,15.5
-80.75,39.25,15
-80.25,39.25,14.8
-79.75,39.25,14.7
-79.25,39.25,15
-78.75,39.25,14.7
-78.25,39.25,14.7
-77.75,39.25,15.2
-77.25,39.25,14.8
-76.75,39.25,14.7
-76.25,39.25,14.8
-75.75,39.25,14.9
-75.25,39.25,15.2
-74.75,39.25,15.1
-123.75,39.75,7.77
-123.25,39.75,8.57
-122.75,39.75,7.09
-122.25,39.75,8.59
-121.75,39.75,8.44
-121.25,39.75,5.02
-120.75,39.75,5.25
-120.25,39.75,5.06
-119.75,39.75,3.64
-119.25,39.75,3.37
-118.75,39.75,4.6
-118.25,39.75,6.93
-117.75,39.75,6.69
-117.25,39.75,6.81
-116.75,39.75,6.37
-116.25,39.75,3.17
-115.75,39.75,3.35
-115.25,39.75,1.84
-114.75,39.75,3.09
-114.25,39.75,2.46
-113.75,39.75,3.86
-113.25,39.75,3.44
-112.75,39.75,3.31
-112.25,39.75,2.96
-111.75,39.75,2.41
-111.25,39.75,2.36
-110.75,39.75,1.89
-110.25,39.75,2.03
-109.75,39.75,1.53
-109.25,39.75,1.79
-108.75,39.75,1.64
-108.25,39.75,2.42
-107.75,39.75,1.76
-107.25,39.75,0.559
-106.75,39.75,1.1
-106.25,39.75,0.531
-105.75,39.75,1.93
-105.25,39.75,2.12
-104.75,39.75,1.89
-104.25,39.75,2.07
-103.75,39.75,2.27
-103.25,39.75,2.37
-102.75,39.75,2.24
-102.25,39.75,2.4
-101.75,39.75,2.24
-101.25,39.75,2.39
-100.75,39.75,2.49
-100.25,39.75,2.63
-99.75,39.75,2.91
-99.25,39.75,4.68
-98.75,39.75,3.12
-98.25,39.75,4.47
-97.75,39.75,3.16
-97.25,39.75,12.8
-96.75,39.75,13.9
-96.25,39.75,14.4
-95.75,39.75,14.5
-95.25,39.75,14.9
-94.75,39.75,15.4
-94.25,39.75,15.5
-93.75,39.75,15.5
-93.25,39.75,15.5
-92.75,39.75,15.7
-92.25,39.75,15.8
-91.75,39.75,15.4
-91.25,39.75,15.1
-90.75,39.75,15.2
-90.25,39.75,15.2
-89.75,39.75,14.9
-89.25,39.75,15.6
-88.75,39.75,15.6
-88.25,39.75,15.6
-87.75,39.75,15.6
-87.25,39.75,15.6
-86.75,39.75,15.4
-86.25,39.75,15.5
-85.75,39.75,15.9
-85.25,39.75,15.8
-84.75,39.75,15.6
-84.25,39.75,15.5
-83.75,39.75,15.9
-83.25,39.75,14.2
-82.75,39.75,14.6
-82.25,39.75,15.9
-81.75,39.75,15.3
-81.25,39.75,14.6
-80.75,39.75,14.4
-80.25,39.75,14.8
-79.75,39.75,14.5
-79.25,39.75,14.4
-78.75,39.75,14.4
-78.25,39.75,15.4
-77.75,39.75,15.4
-77.25,39.75,15.2
-76.75,39.75,15.1
-76.25,39.75,15
-75.75,39.75,15.1
-75.25,39.75,15.1
-74.75,39.75,15.3
-74.25,39.75,15.3
-123.75,40.25,8.15
-123.25,40.25,7.58
-122.75,40.25,7.44
-122.25,40.25,8.34
-121.75,40.25,8.14
-121.25,40.25,6.27
-120.75,40.25,6.36
-120.25,40.25,9.87
-119.75,40.25,7.1
-119.25,40.25,10.5
-118.75,40.25,10.3
-118.25,40.25,6.31
-117.75,40.25,5.54
-117.25,40.25,5.38
-116.75,40.25,5.44
-116.25,40.25,4.48
-115.75,40.25,2.23
-115.25,40.25,2.18
-114.75,40.25,2.41
-114.25,40.25,2.36
-113.75,40.25,3.88
-113.25,40.25,6.67
-112.75,40.25,2.62
-112.25,40.25,3.66
-111.75,40.25,4.59
-111.25,40.25,2.09
-110.75,40.25,2.21
-110.25,40.25,2.07
-109.75,40.25,1.6
-109.25,40.25,1.79
-108.75,40.25,1.66
-108.25,40.25,1.92
-107.75,40.25,0.961
-107.25,40.25,1.84
-106.75,40.25,2.03
-106.25,40.25,5.53
-105.75,40.25,2.42
-105.25,40.25,2.31
-104.75,40.25,2.4
-104.25,40.25,5.24
-103.75,40.25,5.48
-103.25,40.25,5.42
-102.75,40.25,2.56
-102.25,40.25,6.65
-101.75,40.25,2.44
-101.25,40.25,2.45
-100.75,40.25,2.78
-100.25,40.25,2.75
-99.75,40.25,2.66
-99.25,40.25,3.82
-98.75,40.25,3.02
-98.25,40.25,3.38
-97.75,40.25,11.1
-97.25,40.25,11.3
-96.75,40.25,13
-96.25,40.25,13.6
-95.75,40.25,14
-95.25,40.25,14.4
-94.75,40.25,14.5
-94.25,40.25,15
-93.75,40.25,15
-93.25,40.25,14.9
-92.75,40.25,14.8
-92.25,40.25,14.6
-91.75,40.25,14.5
-91.25,40.25,14.4
-90.75,40.25,14.3
-90.25,40.25,14.4
-89.75,40.25,15.8
-89.25,40.25,16.1
-88.75,40.25,16.2
-88.25,40.25,16
-87.75,40.25,16.1
-87.25,40.25,16.1
-86.75,40.25,16
-86.25,40.25,16.1
-85.75,40.25,16.1
-85.25,40.25,16.4
-84.75,40.25,16.2
-84.25,40.25,17.3
-83.75,40.25,17.5
-83.25,40.25,16.6
-82.75,40.25,15.7
-82.25,40.25,15.3
-81.75,40.25,15.1
-81.25,40.25,14.7
-80.75,40.25,14.8
-80.25,40.25,14.7
-79.75,40.25,14.7
-79.25,40.25,14.8
-78.75,40.25,14.8
-78.25,40.25,14.9
-77.75,40.25,14.9
-77.25,40.25,14.8
-76.75,40.25,14.9
-76.25,40.25,14.9
-75.75,40.25,14.8
-75.25,40.25,14.9
-74.75,40.25,14.7
-74.25,40.25,14.7
-123.75,40.75,6.77
-123.25,40.75,6.75
-122.75,40.75,5.77
-122.25,40.75,5.81
-121.75,40.75,6.46
-121.25,40.75,6.43
-120.75,40.75,6.57
-120.25,40.75,9.31
-119.75,40.75,9.3
-119.25,40.75,9.15
-118.75,40.75,13.2
-118.25,40.75,13.5
-117.75,40.75,10.7
-117.25,40.75,9.5
-116.75,40.75,5.28
-116.25,40.75,6.43
-115.75,40.75,2.72
-115.25,40.75,2.64
-114.75,40.75,2.89
-114.25,40.75,2.87
-113.75,40.75,5.72
-113.25,40.75,6.89
-112.75,40.75,6.28
-112.25,40.75,6.38
-111.75,40.75,3.21
-111.25,40.75,3.21
-110.75,40.75,2.67
-110.25,40.75,2.19
-109.75,40.75,2.25
-109.25,40.75,1.67
-108.75,40.75,1.77
-108.25,40.75,2.05
-107.75,40.75,2.15
-107.25,40.75,1.85
-106.75,40.75,2.01
-106.25,40.75,1.67
-105.75,40.75,1.7
-105.25,40.75,1.96
-104.75,40.75,1.95
-104.25,40.75,2.19
-103.75,40.75,4.42
-103.25,40.75,2.31
-102.75,40.75,2.67
-102.25,40.75,2.83
-101.75,40.75,2.57
-101.25,40.75,2.41
-100.75,40.75,7.54
-100.25,40.75,2.9
-99.75,40.75,3.47
-99.25,40.75,3.53
-98.75,40.75,6.69
-98.25,40.75,8.89
-97.75,40.75,10
-97.25,40.75,9.75
-96.75,40.75,12.6
-96.25,40.75,14.3
-95.75,40.75,14.3
-95.25,40.75,14.5
-94.75,40.75,15
-94.25,40.75,15.3
-93.75,40.75,15.4
-93.25,40.75,15.4
-92.75,40.75,15.2
-92.25,40.75,15.1
-91.75,40.75,14.8
-91.25,40.75,14.7
-90.75,40.75,14.7
-90.25,40.75,14.8
-89.75,40.75,15.2
-89.25,40.75,15.4
-88.75,40.75,15.4
-88.25,40.75,15.4
-87.75,40.75,15.3
-87.25,40.75,15.2
-86.75,40.75,15.2
-86.25,40.75,15.3
-85.75,40.75,15.5
-85.25,40.75,15.4
-84.75,40.75,15.3
-84.25,40.75,15.6
-83.75,40.75,15.5
-83.25,40.75,15
-82.75,40.75,14.5
-82.25,40.75,14.6
-81.75,40.75,14.5
-81.25,40.75,14.2
-80.75,40.75,14.2
-80.25,40.75,14.2
-79.75,40.75,14
-79.25,40.75,14.2
-78.75,40.75,14.4
-78.25,40.75,15.3
-77.75,40.75,15.2
-77.25,40.75,15.1
-76.75,40.75,15.2
-76.25,40.75,15.1
-75.75,40.75,15.2
-75.25,40.75,15.1
-74.75,40.75,14.9
-74.25,40.75,15.2
-73.75,40.75,15.2
-73.25,40.75,15.3
-72.75,40.75,15.3
-72.25,40.75,15.2
-123.75,41.25,7.17
-123.25,41.25,6.2
-122.75,41.25,6.76
-122.25,41.25,7.08
-121.75,41.25,7.08
-121.25,41.25,7.27
-120.75,41.25,9.62
-120.25,41.25,9.61
-119.75,41.25,9.28
-119.25,41.25,9.28
-118.75,41.25,9.58
-118.25,41.25,9.76
-117.75,41.25,12.4
-117.25,41.25,9.45
-116.75,41.25,7.29
-116.25,41.25,2.98
-115.75,41.25,2.61
-115.25,41.25,2.74
-114.75,41.25,2.44
-114.25,41.25,2.6
-113.75,41.25,3.99
-113.25,41.25,4.53
-112.75,41.25,4.77
-112.25,41.25,3.91
-111.75,41.25,3.4
-111.25,41.25,3.53
-110.75,41.25,2.92
-110.25,41.25,2.44
-109.75,41.25,2.6
-109.25,41.25,3.24
-108.75,41.25,2.24
-108.25,41.25,2.46
-107.75,41.25,2.37
-107.25,41.25,2.11
-106.75,41.25,2.19
-106.25,41.25,2.14
-105.75,41.25,2.26
-105.25,41.25,2.16
-104.75,41.25,1.98
-104.25,41.25,1.98
-103.75,41.25,2.23
-103.25,41.25,2.25
-102.75,41.25,2.92
-102.25,41.25,2.87
-101.75,41.25,2.63
-101.25,41.25,6.89
-100.75,41.25,7.42
-100.25,41.25,3.26
-99.75,41.25,4.23
-99.25,41.25,3.42
-98.75,41.25,5.48
-98.25,41.25,7.7
-97.75,41.25,8.23
-97.25,41.25,8.07
-96.75,41.25,10.1
-96.25,41.25,12.3
-95.75,41.25,12.9
-95.25,41.25,13.2
-94.75,41.25,13.5
-94.25,41.25,13.7
-93.75,41.25,14.1
-93.25,41.25,14.3
-92.75,41.25,14.3
-92.25,41.25,14.2
-91.75,41.25,14.1
-91.25,41.25,13.9
-90.75,41.25,13.9
-90.25,41.25,14.1
-89.75,41.25,15.5
-89.25,41.25,15.5
-88.75,41.25,15.5
-88.25,41.25,15.3
-87.75,41.25,15.5
-87.25,41.25,15.3
-86.75,41.25,15.3
-86.25,41.25,15.1
-85.75,41.25,15.2
-85.25,41.25,15.9
-84.75,41.25,15.6
-84.25,41.25,15.5
-83.75,41.25,15.1
-83.25,41.25,14.8
-82.75,41.25,14.4
-82.25,41.25,14.6
-81.75,41.25,14.6
-81.25,41.25,14.5
-80.75,41.25,14.5
-80.25,41.25,14.4
-79.75,41.25,14.5
-79.25,41.25,14.3
-78.75,41.25,14.8
-78.25,41.25,14.8
-77.75,41.25,14.6
-77.25,41.25,14.7
-76.75,41.25,14.7
-76.25,41.25,14.8
-75.75,41.25,14.8
-75.25,41.25,14.7
-74.75,41.25,14.8
-74.25,41.25,14.8
-73.75,41.25,14.8
-73.25,41.25,14.9
-72.75,41.25,14.9
-72.25,41.25,14.7
-71.75,41.25,14.8
-70.75,41.25,14.8
-123.75,41.75,6.4
-123.25,41.75,6.39
-122.75,41.75,6.19
-122.25,41.75,8.77
-121.75,41.75,9.17
-121.25,41.75,9.18
-120.75,41.75,9.22
-120.25,41.75,9.07
-119.75,41.75,9.27
-119.25,41.75,9.29
-118.75,41.75,9.65
-118.25,41.75,9.61
-117.75,41.75,8.09
-117.25,41.75,8.53
-116.75,41.75,8.83
-116.25,41.75,3.24
-115.75,41.75,2.44
-115.25,41.75,2.5
-114.75,41.75,2.37
-114.25,41.75,2.63
-113.75,41.75,2.61
-113.25,41.75,2.63
-112.75,41.75,2.51
-112.25,41.75,2.53
-111.75,41.75,2.49
-111.25,41.75,3.34
-110.75,41.75,2.74
-110.25,41.75,2.81
-109.75,41.75,2.77
-109.25,41.75,2.4
-108.75,41.75,2.71
-108.25,41.75,2.4
-107.75,41.75,2.4
-107.25,41.75,1.87
-106.75,41.75,1.89
-106.25,41.75,1.9
-105.75,41.75,1.67
-105.25,41.75,1.8
-104.75,41.75,1.94
-104.25,41.75,1.88
-103.75,41.75,2.07
-103.25,41.75,2.26
-102.75,41.75,2.95
-102.25,41.75,7.4
-101.75,41.75,7.45
-101.25,41.75,7.87
-100.75,41.75,8.28
-100.25,41.75,7.92
-99.75,41.75,7.35
-99.25,41.75,3.59
-98.75,41.75,8.4
-98.25,41.75,3.27
-97.75,41.75,5.71
-97.25,41.75,9.32
-96.75,41.75,9.93
-96.25,41.75,11.6
-95.75,41.75,12.1
-95.25,41.75,12.7
-94.75,41.75,13.4
-94.25,41.75,13.7
-93.75,41.75,14
-93.25,41.75,14.3
-92.75,41.75,14.3
-92.25,41.75,14.4
-91.75,41.75,14.3
-91.25,41.75,14.2
-90.75,41.75,14.2
-90.25,41.75,14.4
-89.75,41.75,14.8
-89.25,41.75,15
-88.75,41.75,14.9
-88.25,41.75,14.7
-87.75,41.75,14.6
-87.25,41.75,14.6
-86.75,41.75,14.8
-86.25,41.75,14.7
-85.75,41.75,15
-85.25,41.75,14.9
-84.75,41.75,15
-84.25,41.75,14.9
-83.75,41.75,14.5
-83.25,41.75,14
-82.75,41.75,14
-81.75,41.75,13.9
-81.25,41.75,13.9
-80.75,41.75,13.7
-80.25,41.75,14
-79.75,41.75,13.9
-79.25,41.75,13.8
-78.75,41.75,14
-78.25,41.75,15
-77.75,41.75,15
-77.25,41.75,15
-76.75,41.75,14.9
-76.25,41.75,15
-75.75,41.75,15
-75.25,41.75,15.1
-74.75,41.75,15.1
-74.25,41.75,15.1
-73.75,41.75,15.1
-73.25,41.75,15.1
-72.75,41.75,15.2
-72.25,41.75,15.1
-71.75,41.75,15.1
-71.25,41.75,15.2
-70.75,41.75,15.2
-70.25,41.75,15.1
-123.75,42.25,6.71
-123.25,42.25,7.33
-122.75,42.25,6.95
-122.25,42.25,9.53
-121.75,42.25,9.53
-121.25,42.25,9.55
-120.75,42.25,9.29
-120.25,42.25,9.15
-119.75,42.25,9.24
-119.25,42.25,9.22
-118.75,42.25,12.7
-118.25,42.25,9.51
-117.75,42.25,6.62
-117.25,42.25,6.86
-116.75,42.25,7.98
-116.25,42.25,2.9
-115.75,42.25,2.21
-115.25,42.25,2.24
-114.75,42.25,2.28
-114.25,42.25,2.3
-113.75,42.25,2.3
-113.25,42.25,2.4
-112.75,42.25,2.67
-112.25,42.25,2.76
-111.75,42.25,2.61
-111.25,42.25,2.7
-110.75,42.25,3.07
-110.25,42.25,3.17
-109.75,42.25,2.91
-109.25,42.25,2.89
-108.75,42.25,2.41
-108.25,42.25,2.04
-107.75,42.25,2.03
-107.25,42.25,2.18
-106.75,42.25,2.25
-106.25,42.25,2.04
-105.75,42.25,2.1
-105.25,42.25,2.32
-104.75,42.25,2.04
-104.25,42.25,2.37
-103.75,42.25,2.11
-103.25,42.25,2.61
-102.75,42.25,2.69
-102.25,42.25,5.88
-101.75,42.25,6.35
-101.25,42.25,7.82
-100.75,42.25,8.29
-100.25,42.25,7.51
-99.75,42.25,6.66
-99.25,42.25,8.3
-98.75,42.25,8.96
-98.25,42.25,3.14
-97.75,42.25,8.77
-97.25,42.25,9.57
-96.75,42.25,9.23
-96.25,42.25,11
-95.75,42.25,12.4
-95.25,42.25,12.5
-94.75,42.25,12.9
-94.25,42.25,13.1
-93.75,42.25,13.4
-93.25,42.25,13.6
-92.75,42.25,13.6
-92.25,42.25,13.7
-91.75,42.25,13.6
-91.25,42.25,13.7
-90.75,42.25,13.7
-90.25,42.25,13.7
-89.75,42.25,14.9
-89.25,42.25,15.1
-88.75,42.25,15.2
-88.25,42.25,14.9
-87.75,42.25,14.8
-86.25,42.25,14.9
-85.75,42.25,14.9
-85.25,42.25,14.9
-84.75,42.25,15
-84.25,42.25,14.8
-83.75,42.25,14.4
-83.25,42.25,14.3
-82.75,42.25,14.2
-82.25,42.25,14.1
-81.75,42.25,14
-80.25,42.25,13.8
-79.75,42.25,14
-79.25,42.25,14.1
-78.75,42.25,14.2
-78.25,42.25,14.4
-77.75,42.25,14.6
-77.25,42.25,14.6
-76.75,42.25,14.6
-76.25,42.25,14.5
-75.75,42.25,14.6
-75.25,42.25,14.7
-74.75,42.25,14.7
-74.25,42.25,14.7
-73.75,42.25,14.7
-73.25,42.25,14.7
-72.75,42.25,14.7
-72.25,42.25,14.6
-71.75,42.25,14.7
-71.25,42.25,14.7
-70.75,42.25,14.6
-123.75,42.75,6.61
-123.25,42.75,6.75
-122.75,42.75,6.89
-122.25,42.75,9.23
-121.75,42.75,11
-121.25,42.75,10.8
-120.75,42.75,9.14
-120.25,42.75,9.13
-119.75,42.75,9.35
-119.25,42.75,9.48
-118.75,42.75,5.83
-118.25,42.75,9.71
-117.75,42.75,9.73
-117.25,42.75,5.06
-116.75,42.75,4.29
-116.25,42.75,4.02
-115.75,42.75,4.11
-115.25,42.75,2.25
-114.75,42.75,2.31
-114.25,42.75,2.35
-113.75,42.75,2.39
-113.25,42.75,2.42
-112.75,42.75,2.77
-112.25,42.75,2.83
-111.75,42.75,2.72
-111.25,42.75,2.82
-110.75,42.75,2.73
-110.25,42.75,2.86
-109.75,42.75,2.78
-109.25,42.75,2.64
-108.75,42.75,2.29
-108.25,42.75,1.79
-107.75,42.75,1.93
-107.25,42.75,2
-106.75,42.75,2.11
-106.25,42.75,2.19
-105.75,42.75,1.83
-105.25,42.75,1.83
-104.75,42.75,2.04
-104.25,42.75,2.13
-103.75,42.75,2.13
-103.25,42.75,2.46
-102.75,42.75,2.46
-102.25,42.75,2.74
-101.75,42.75,7.09
-101.25,42.75,6.9
-100.75,42.75,7.04
-100.25,42.75,7.16
-99.75,42.75,6.78
-99.25,42.75,6.69
-98.75,42.75,3.45
-98.25,42.75,8.32
-97.75,42.75,9.31
-97.25,42.75,10.9
-96.75,42.75,11.1
-96.25,42.75,11.2
-95.75,42.75,12.8
-95.25,42.75,12.9
-94.75,42.75,13.3
-94.25,42.75,13.6
-93.75,42.75,13.6
-93.25,42.75,13.9
-92.75,42.75,14.2
-92.25,42.75,14
-91.75,42.75,14.1
-91.25,42.75,14.1
-90.75,42.75,14.2
-90.25,42.75,14.4
-89.75,42.75,14.5
-89.25,42.75,14.6
-88.75,42.75,14.7
-88.25,42.75,14.4
-87.75,42.75,14.3
-86.25,42.75,14.3
-85.75,42.75,14.3
-85.25,42.75,14.3
-84.75,42.75,14.4
-84.25,42.75,14.2
-83.75,42.75,13.8
-83.25,42.75,13.8
-82.75,42.75,13.6
-82.25,42.75,13.5
-81.75,42.75,13.4
-81.25,42.75,13.2
-80.75,42.75,13.4
-80.25,42.75,13.4
-79.75,42.75,13.4
-79.25,42.75,13.6
-78.75,42.75,13.6
-78.25,42.75,14.5
-77.75,42.75,14.6
-77.25,42.75,14.8
-76.75,42.75,14.8
-76.25,42.75,14.8
-75.75,42.75,14.8
-75.25,42.75,14.9
-74.75,42.75,14.9
-74.25,42.75,14.9
-73.75,42.75,14.9
-73.25,42.75,14.9
-72.75,42.75,15
-72.25,42.75,15
-71.75,42.75,15
-71.25,42.75,15
-70.75,42.75,15
-123.75,43.25,6.49
-123.25,43.25,7.11
-122.75,43.25,7.11
-122.25,43.25,9.41
-121.75,43.25,11.3
-121.25,43.25,11.1
-120.75,43.25,9.01
-120.25,43.25,8.99
-119.75,43.25,8.73
-119.25,43.25,6.31
-118.75,43.25,8.54
-118.25,43.25,4.86
-117.75,43.25,4.68
-117.25,43.25,4.32
-116.75,43.25,3.95
-116.25,43.25,2.91
-115.75,43.25,2.32
-115.25,43.25,2.35
-114.75,43.25,2.4
-114.25,43.25,2.33
-113.75,43.25,2.47
-113.25,43.25,2.43
-112.75,43.25,2.63
-112.25,43.25,2.79
-111.75,43.25,3.28
-111.25,43.25,3.29
-110.75,43.25,3
-110.25,43.25,2.85
-109.75,43.25,2.78
-109.25,43.25,2.45
-108.75,43.25,2.49
-108.25,43.25,2.29
-107.75,43.25,2.14
-107.25,43.25,2.52
-106.75,43.25,2.59
-106.25,43.25,1.93
-105.75,43.25,1.99
-105.25,43.25,1.99
-104.75,43.25,1.96
-104.25,43.25,2.12
-103.75,43.25,2.03
-103.25,43.25,2.37
-102.75,43.25,2.51
-102.25,43.25,2.64
-101.75,43.25,2.62
-101.25,43.25,2.83
-100.75,43.25,3.32
-100.25,43.25,3.49
-99.75,43.25,5.92
-99.25,43.25,7.89
-98.75,43.25,3.77
-98.25,43.25,8.02
-97.75,43.25,9.27
-97.25,43.25,10.4
-96.75,43.25,11
-96.25,43.25,11.5
-95.75,43.25,12.6
-95.25,43.25,12.9
-94.75,43.25,13.2
-94.25,43.25,13.5
-93.75,43.25,13.3
-93.25,43.25,13.5
-92.75,43.25,13.5
-92.25,43.25,13.4
-91.75,43.25,13.4
-91.25,43.25,13.5
-90.75,43.25,13.7
-90.25,43.25,13.7
-89.75,43.25,14.6
-89.25,43.25,14.6
-88.75,43.25,14.7
-88.25,43.25,14.5
-87.75,43.25,14.4
-86.25,43.25,14.5
-85.75,43.25,14.3
-85.25,43.25,14.3
-84.75,43.25,14.2
-84.25,43.25,14.1
-83.75,43.25,14
-83.25,43.25,14.1
-82.75,43.25,13.9
-82.25,43.25,13.7
-81.75,43.25,13.7
-81.25,43.25,13.6
-80.75,43.25,13.7
-80.25,43.25,13.8
-79.75,43.25,13.7
-79.25,43.25,13.8
-78.75,43.25,13.9
-78.25,43.25,14
-77.75,43.25,14
-77.25,43.25,14.3
-76.75,43.25,14.5
-76.25,43.25,14.4
-75.75,43.25,14.4
-75.25,43.25,14.5
-74.75,43.25,14.5
-74.25,43.25,14.5
-73.75,43.25,14.5
-73.25,43.25,14.5
-72.75,43.25,14.5
-72.25,43.25,14.5
-71.75,43.25,14.5
-71.25,43.25,14.6
-70.75,43.25,14.6
-70.25,43.25,14.5
-123.75,43.75,6.74
-123.25,43.75,6.74
-122.75,43.75,6.75
-122.25,43.75,9.24
-121.75,43.75,9.09
-121.25,43.75,9.84
-120.75,43.75,9.11
-120.25,43.75,9.16
-119.75,43.75,5.56
-119.25,43.75,5.09
-118.75,43.75,4.86
-118.25,43.75,4.85
-117.75,43.75,4.58
-117.25,43.75,4.3
-116.75,43.75,4.3
-116.25,43.75,4.47
-115.75,43.75,3.7
-115.25,43.75,2.36
-114.75,43.75,2.19
-114.25,43.75,2.32
-113.75,43.75,2.3
-113.25,43.75,4.27
-112.75,43.75,2.2
-112.25,43.75,2.43
-111.75,43.75,5
-111.25,43.75,2.99
-110.75,43.75,2.84
-110.25,43.75,2.86
-109.75,43.75,2.19
-109.25,43.75,2.22
-108.75,43.75,1.97
-108.25,43.75,2.12
-107.75,43.75,2.11
-107.25,43.75,1.99
-106.75,43.75,1.77
-106.25,43.75,1.85
-105.75,43.75,2
-105.25,43.75,1.95
-104.75,43.75,2.05
-104.25,43.75,1.83
-103.75,43.75,1.86
-103.25,43.75,1.95
-102.75,43.75,2.13
-102.25,43.75,2.71
-101.75,43.75,2.86
-101.25,43.75,3.11
-100.75,43.75,3.14
-100.25,43.75,3.18
-99.75,43.75,3.33
-99.25,43.75,3.29
-98.75,43.75,3.37
-98.25,43.75,3.6
-97.75,43.75,8.68
-97.25,43.75,10.5
-96.75,43.75,11.7
-96.25,43.75,12.1
-95.75,43.75,13.1
-95.25,43.75,13.4
-94.75,43.75,13.6
-94.25,43.75,13.7
-93.75,43.75,13.8
-93.25,43.75,14
-92.75,43.75,14
-92.25,43.75,13.8
-91.75,43.75,13.7
-91.25,43.75,13.9
-90.75,43.75,14.1
-90.25,43.75,14.1
-89.75,43.75,14.1
-89.25,43.75,14
-88.75,43.75,14.2
-88.25,43.75,14.2
-87.75,43.75,14.2
-86.25,43.75,14
-85.75,43.75,13.7
-85.25,43.75,13.6
-84.75,43.75,13.5
-84.25,43.75,13.8
-83.75,43.75,13.8
-83.25,43.75,13.6
-82.75,43.75,13.5
-81.75,43.75,13.3
-81.25,43.75,13.2
-80.75,43.75,13.2
-80.25,43.75,13.3
-79.75,43.75,13.2
-79.25,43.75,13.3
-78.75,43.75,13.4
-78.25,43.75,14.1
-77.25,43.75,14.4
-76.25,43.75,14.5
-75.75,43.75,14.6
-75.25,43.75,14.7
-74.75,43.75,14.7
-74.25,43.75,14.8
-73.75,43.75,14.7
-73.25,43.75,14.7
-72.75,43.75,14.8
-72.25,43.75,14.8
-71.75,43.75,14.8
-71.25,43.75,14.8
-70.75,43.75,14.8
-70.25,43.75,14.8
-69.75,43.75,14.8
-123.75,44.25,9.2
-123.25,44.25,6.83
-122.75,44.25,6.82
-122.25,44.25,9.24
-121.75,44.25,8.97
-121.25,44.25,8.81
-120.75,44.25,8.76
-120.25,44.25,7.36
-119.75,44.25,4.71
-119.25,44.25,4.54
-118.75,44.25,4.64
-118.25,44.25,4.25
-117.75,44.25,4.26
-117.25,44.25,4.28
-116.75,44.25,4.55
-116.25,44.25,4.54
-115.75,44.25,3.95
-115.25,44.25,2.72
-114.75,44.25,1.81
-114.25,44.25,1.79
-113.75,44.25,2.43
-113.25,44.25,4.45
-112.75,44.25,2.32
-112.25,44.25,2.48
-111.75,44.25,2.5
-111.25,44.25,2.68
-110.75,44.25,3.05
-110.25,44.25,2.84
-109.75,44.25,2.74
-109.25,44.25,2.71
-108.75,44.25,2.53
-108.25,44.25,2.28
-107.75,44.25,2.22
-107.25,44.25,2.08
-106.75,44.25,2.46
-106.25,44.25,1.96
-105.75,44.25,1.78
-105.25,44.25,1.73
-104.75,44.25,2.02
-104.25,44.25,2.66
-103.75,44.25,2.71
-103.25,44.25,2.58
-102.75,44.25,2.62
-102.25,44.25,2.86
-101.75,44.25,2.84
-101.25,44.25,3.08
-100.75,44.25,3.12
-100.25,44.25,3.14
-99.75,44.25,3.06
-99.25,44.25,3.12
-98.75,44.25,3.26
-98.25,44.25,3.78
-97.75,44.25,8.61
-97.25,44.25,10.2
-96.75,44.25,10.9
-96.25,44.25,12.1
-95.75,44.25,12.6
-95.25,44.25,13
-94.75,44.25,13.2
-94.25,44.25,13.3
-93.75,44.25,13.4
-93.25,44.25,13.4
-92.75,44.25,13.6
-92.25,44.25,13.5
-91.75,44.25,13.1
-91.25,44.25,13.2
-90.75,44.25,13.2
-90.25,44.25,13.3
-89.75,44.25,14.4
-89.25,44.25,14.3
-88.75,44.25,14.2
-88.25,44.25,14.2
-87.75,44.25,14.4
-86.25,44.25,14.3
-85.75,44.25,14
-85.25,44.25,13.9
-84.75,44.25,14
-84.25,44.25,14
-83.75,44.25,14
-83.25,44.25,13.8
-81.75,44.25,13.4
-81.25,44.25,13.3
-80.75,44.25,13.3
-80.25,44.25,13.5
-79.75,44.25,13.5
-79.25,44.25,13.8
-78.75,44.25,13.6
-78.25,44.25,13.8
-77.75,44.25,13.8
-77.25,44.25,13.9
-76.75,44.25,14.1
-76.25,44.25,14.1
-75.75,44.25,14.3
-75.25,44.25,14.2
-74.75,44.25,14.3
-74.25,44.25,14.3
-73.75,44.25,14.4
-73.25,44.25,14.3
-72.75,44.25,14.3
-72.25,44.25,14.3
-71.75,44.25,14.3
-71.25,44.25,14.3
-70.75,44.25,14.3
-70.25,44.25,14.3
-69.75,44.25,14.3
-69.25,44.25,14.3
-68.75,44.25,14.2
-68.25,44.25,14.2
-123.75,44.75,9.12
-123.25,44.75,6.69
-122.75,44.75,9.11
-122.25,44.75,8.99
-121.75,44.75,8.31
-121.25,44.75,11.3
-120.75,44.75,7.03
-120.25,44.75,4.89
-119.75,44.75,4.83
-119.25,44.75,4.82
-118.75,44.75,4.46
-118.25,44.75,4.47
-117.75,44.75,4.55
-117.25,44.75,4.53
-116.75,44.75,4.5
-116.25,44.75,4.33
-115.75,44.75,4.1
-115.25,44.75,3.21
-114.75,44.75,1.87
-114.25,44.75,1.85
-113.75,44.75,4
-113.25,44.75,2.19
-112.75,44.75,2.21
-112.25,44.75,2.35
-111.75,44.75,2.52
-111.25,44.75,2.52
-110.75,44.75,2.78
-110.25,44.75,3.13
-109.75,44.75,3.09
-109.25,44.75,3.11
-108.75,44.75,2.57
-108.25,44.75,2.24
-107.75,44.75,2.02
-107.25,44.75,2.05
-106.75,44.75,2.06
-106.25,44.75,1.95
-105.75,44.75,1.93
-105.25,44.75,1.72
-104.75,44.75,1.91
-104.25,44.75,2.58
-103.75,44.75,2.63
-103.25,44.75,2.58
-102.75,44.75,2.55
-102.25,44.75,2.49
-101.75,44.75,2.8
-101.25,44.75,2.99
-100.75,44.75,3.1
-100.25,44.75,3.23
-99.75,44.75,3.32
-99.25,44.75,3.45
-98.75,44.75,4.22
-98.25,44.75,6.27
-97.75,44.75,5.9
-97.25,44.75,7.96
-96.75,44.75,9.74
-96.25,44.75,11.4
-95.75,44.75,13.1
-95.25,44.75,13.4
-94.75,44.75,13.6
-94.25,44.75,13.7
-93.75,44.75,13.6
-93.25,44.75,13.6
-92.75,44.75,13.9
-92.25,44.75,13.9
-91.75,44.75,13.7
-91.25,44.75,13.6
-90.75,44.75,13.4
-90.25,44.75,13.3
-89.75,44.75,13.5
-89.25,44.75,13.7
-88.75,44.75,13.7
-88.25,44.75,13.7
-87.75,44.75,13.8
-87.25,44.75,14
-86.25,44.75,13.5
-85.75,44.75,13.5
-85.25,44.75,13.5
-84.75,44.75,13.6
-84.25,44.75,13.5
-83.75,44.75,13.3
-83.25,44.75,13.1
-81.25,44.75,12.8
-80.75,44.75,12.8
-80.25,44.75,12.6
-79.75,44.75,12.4
-79.25,44.75,12.2
-78.75,44.75,12.2
-78.25,44.75,12.5
-77.75,44.75,13.7
-77.25,44.75,14
-76.75,44.75,14.1
-76.25,44.75,14.2
-75.75,44.75,14.3
-75.25,44.75,14.3
-74.75,44.75,14.4
-74.25,44.75,14.4
-73.75,44.75,14.5
-73.25,44.75,14.5
-72.75,44.75,14.4
-72.25,44.75,14.5
-71.75,44.75,14.5
-71.25,44.75,14.5
-70.75,44.75,14.5
-70.25,44.75,14.5
-69.75,44.75,14.5
-69.25,44.75,14.6
-68.75,44.75,14.6
-68.25,44.75,14.6
-67.75,44.75,14.5
-67.25,44.75,14.6
-123.75,45.25,9
-123.25,45.25,8.97
-122.75,45.25,8.95
-122.25,45.25,5.52
-121.75,45.25,8.14
-121.25,45.25,8.81
-120.75,45.25,4.48
-120.25,45.25,4.48
-119.75,45.25,4.1
-119.25,45.25,4.24
-118.75,45.25,4.32
-118.25,45.25,4.32
-117.75,45.25,4.34
-117.25,45.25,4.35
-116.75,45.25,4.01
-116.25,45.25,4.02
-115.75,45.25,3.76
-115.25,45.25,3.39
-114.75,45.25,2.74
-114.25,45.25,2.64
-113.75,45.25,2.71
-113.25,45.25,2.51
-112.75,45.25,2.41
-112.25,45.25,2.29
-111.75,45.25,2.44
-111.25,45.25,2.41
-110.75,45.25,2.83
-110.25,45.25,3.07
-109.75,45.25,3.12
-109.25,45.25,3.09
-108.75,45.25,3.75
-108.25,45.25,2.95
-107.75,45.25,3.05
-107.25,45.25,2.39
-106.75,45.25,2.23
-106.25,45.25,2.44
-105.75,45.25,2.49
-105.25,45.25,1.86
-104.75,45.25,2.07
-104.25,45.25,2.39
-103.75,45.25,2.5
-103.25,45.25,2.31
-102.75,45.25,2.36
-102.25,45.25,2.28
-101.75,45.25,2.44
-101.25,45.25,2.69
-100.75,45.25,2.88
-100.25,45.25,3.17
-99.75,45.25,3.41
-99.25,45.25,3.65
-98.75,45.25,7.67
-98.25,45.25,8.58
-97.75,45.25,7.45
-97.25,45.25,8.16
-96.75,45.25,10.1
-96.25,45.25,11.8
-95.75,45.25,12.6
-95.25,45.25,13
-94.75,45.25,13.1
-94.25,45.25,13.2
-93.75,45.25,13.1
-93.25,45.25,13.3
-92.75,45.25,13.1
-92.25,45.25,13.2
-91.75,45.25,13.2
-91.25,45.25,13
-90.75,45.25,13.1
-90.25,45.25,12.8
-89.75,45.25,13.5
-89.25,45.25,13.6
-88.75,45.25,13.8
-88.25,45.25,13.9
-87.75,45.25,13.9
-87.25,45.25,14
-85.75,45.25,13.4
-85.25,45.25,13.3
-84.75,45.25,13.7
-84.25,45.25,13.6
-83.75,45.25,13.4
-83.25,45.25,13.1
-81.75,45.25,12.8
-81.25,45.25,12.6
-80.25,45.25,12.4
-79.75,45.25,12.4
-79.25,45.25,12.2
-78.75,45.25,12.3
-78.25,45.25,12.3
-77.75,45.25,12.3
-77.25,45.25,12.3
-76.75,45.25,12.2
-76.25,45.25,13.4
-75.75,45.25,14
-75.25,45.25,14.1
-74.75,45.25,14
-74.25,45.25,14.1
-73.75,45.25,14.1
-73.25,45.25,14.1
-72.75,45.25,14.2
-72.25,45.25,14.1
-71.75,45.25,14.1
-71.25,45.25,14.1
-70.75,45.25,14.1
-70.25,45.25,14
-69.75,45.25,14
-69.25,45.25,14
-68.75,45.25,14
-68.25,45.25,14
-67.75,45.25,13.2
-67.25,45.25,5.16
-123.75,45.75,9
-123.25,45.75,8.99
-122.75,45.75,8.73
-122.25,45.75,8.18
-121.75,45.75,7.89
-121.25,45.75,9.05
-120.75,45.75,4.67
-120.25,45.75,4.44
-119.75,45.75,4.65
-119.25,45.75,4.41
-118.75,45.75,4.39
-118.25,45.75,4.37
-117.75,45.75,4.21
-117.25,45.75,3.88
-116.75,45.75,3.85
-116.25,45.75,3.55
-115.75,45.75,3.38
-115.25,45.75,3.07
-114.75,45.75,2.98
-114.25,45.75,2.88
-113.75,45.75,2.4
-113.25,45.75,2.31
-112.75,45.75,1.86
-112.25,45.75,1.88
-111.75,45.75,2.17
-111.25,45.75,2.16
-110.75,45.75,2.33
-110.25,45.75,2.59
-109.75,45.75,2.77
-109.25,45.75,3.1
-108.75,45.75,3.31
-108.25,45.75,4.27
-107.75,45.75,2.92
-107.25,45.75,2.56
-106.75,45.75,2.35
-106.25,45.75,2.55
-105.75,45.75,2.24
-105.25,45.75,1.88
-104.75,45.75,1.81
-104.25,45.75,1.83
-103.75,45.75,2.16
-103.25,45.75,2.13
-102.75,45.75,1.99
-102.25,45.75,2.67
-101.75,45.75,2.52
-101.25,45.75,2.29
-100.75,45.75,2.69
-100.25,45.75,2.99
-99.75,45.75,3.12
-99.25,45.75,3.21
-98.75,45.75,3.39
-98.25,45.75,3.46
-97.75,45.75,4.67
-97.25,45.75,8.34
-96.75,45.75,11.4
-96.25,45.75,12.5
-95.75,45.75,13.2
-95.25,45.75,13.2
-94.75,45.75,13.3
-94.25,45.75,13.5
-93.75,45.75,13.5
-93.25,45.75,13.6
-92.75,45.75,13.5
-92.25,45.75,13.5
-91.75,45.75,13.3
-91.25,45.75,13
-90.75,45.75,13.2
-90.25,45.75,13.2
-89.75,45.75,13.2
-89.25,45.75,13.1
-88.75,45.75,13.3
-88.25,45.75,13.5
-87.75,45.75,13.6
-87.25,45.75,13.5
-86.75,45.75,13.4
-86.25,45.75,13.2
-85.75,45.75,13
-85.25,45.75,13
-84.75,45.75,13.2
-84.25,45.75,13.2
-83.75,45.75,12.8
-83.25,45.75,12.6
-82.75,45.75,12.5
-82.25,45.75,12.4
-81.75,45.75,12.2
-81.25,45.75,12.3
-80.75,45.75,12
-80.25,45.75,11.9
-79.75,45.75,11.8
-79.25,45.75,11.7
-78.75,45.75,11.9
-78.25,45.75,12.1
-77.75,45.75,12.1
-77.25,45.75,12.1
-76.75,45.75,12.2
-76.25,45.75,12.2
-75.75,45.75,8.59
-75.25,45.75,7.62
-74.75,45.75,5.07
-74.25,45.75,6.68
-73.75,45.75,6.78
-73.25,45.75,6.85
-72.75,45.75,13.6
-72.25,45.75,13.8
-71.75,45.75,14.2
-71.25,45.75,14.2
-70.75,45.75,14.2
-70.25,45.75,14.2
-69.75,45.75,14.2
-69.25,45.75,13.2
-68.75,45.75,4.63
-68.25,45.75,2.48
-67.75,45.75,3.08
-67.25,45.75,3.1
-123.75,46.25,8.74
-123.25,46.25,8.28
-122.75,46.25,5.35
-122.25,46.25,5.35
-121.75,46.25,5.18
-121.25,46.25,4.05
-120.75,46.25,4.33
-120.25,46.25,7.89
-119.75,46.25,7.6
-119.25,46.25,7.48
-118.75,46.25,4.04
-118.25,46.25,3.82
-117.75,46.25,3.84
-117.25,46.25,3.85
-116.75,46.25,3.6
-116.25,46.25,3.61
-115.75,46.25,3.3
-115.25,46.25,3.21
-114.75,46.25,3.23
-114.25,46.25,3.41
-113.75,46.25,3.07
-113.25,46.25,2.67
-112.75,46.25,2.45
-112.25,46.25,2.25
-111.75,46.25,2.23
-111.25,46.25,2.18
-110.75,46.25,2.31
-110.25,46.25,2.52
-109.75,46.25,2.62
-109.25,46.25,3.26
-108.75,46.25,3.54
-108.25,46.25,5.65
-107.75,46.25,3.51
-107.25,46.25,3.03
-106.75,46.25,2.93
-106.25,46.25,2.88
-105.75,46.25,2.43
-105.25,46.25,2.29
-104.75,46.25,2.36
-104.25,46.25,2.47
-103.75,46.25,2.31
-103.25,46.25,1.75
-102.75,46.25,1.81
-102.25,46.25,2.94
-101.75,46.25,2.93
-101.25,46.25,2.39
-100.75,46.25,2.19
-100.25,46.25,2.87
-99.75,46.25,2.95
-99.25,46.25,3.1
-98.75,46.25,3.1
-98.25,46.25,3.24
-97.75,46.25,4.78
-97.25,46.25,8.88
-96.75,46.25,11.8
-96.25,46.25,12.1
-95.75,46.25,12.4
-95.25,46.25,12.8
-94.75,46.25,12.8
-94.25,46.25,13
-93.75,46.25,13.1
-93.25,46.25,13
-92.75,46.25,13
-92.25,46.25,12.8
-91.75,46.25,12.7
-91.25,46.25,12.6
-90.75,46.25,12.6
-90.25,46.25,12.6
-89.75,46.25,13.3
-89.25,46.25,13.3
-88.75,46.25,13.3
-88.25,46.25,13.6
-87.75,46.25,13.7
-87.25,46.25,13.7
-86.75,46.25,13.3
-86.25,46.25,13.2
-85.75,46.25,13.2
-85.25,46.25,13.2
-84.75,46.25,13.3
-84.25,46.25,13.3
-83.75,46.25,12.9
-83.25,46.25,12.5
-82.75,46.25,12.3
-82.25,46.25,12.2
-81.75,46.25,12.1
-81.25,46.25,12.1
-80.75,46.25,11.9
-80.25,46.25,11.7
-79.75,46.25,11.9
-79.25,46.25,11.8
-78.75,46.25,11.9
-78.25,46.25,11.9
-77.75,46.25,11.9
-77.25,46.25,11.9
-76.75,46.25,11.9
-76.25,46.25,7.86
-75.75,46.25,3.12
-75.25,46.25,4.46
-74.75,46.25,3.8
-74.25,46.25,7.05
-73.75,46.25,4.53
-73.25,46.25,9.75
-72.75,46.25,9.99
-72.25,46.25,11.3
-71.75,46.25,11.4
-71.25,46.25,11.5
-70.75,46.25,11.5
-70.25,46.25,3.82
-69.75,46.25,2.35
-69.25,46.25,2.36
-68.75,46.25,2.62
-68.25,46.25,2.63
-67.75,46.25,3.2
-67.25,46.25,3.21
-123.75,46.75,8.96
-123.25,46.75,8.69
-122.75,46.75,5.38
-122.25,46.75,4.45
-121.75,46.75,3.77
-121.25,46.75,4.59
-120.75,46.75,4.34
-120.25,46.75,4.17
-119.75,46.75,7.68
-119.25,46.75,7.62
-118.75,46.75,3.77
-118.25,46.75,3.75
-117.75,46.75,3.64
-117.25,46.75,3.57
-116.75,46.75,3.56
-116.25,46.75,3.42
-115.75,46.75,3.32
-115.25,46.75,3.58
-114.75,46.75,3.68
-114.25,46.75,3.77
-113.75,46.75,3.13
-113.25,46.75,2.35
-112.75,46.75,1.87
-112.25,46.75,1.8
-111.75,46.75,2.13
-111.25,46.75,2.16
-110.75,46.75,2.27
-110.25,46.75,2.26
-109.75,46.75,2.55
-109.25,46.75,3.06
-108.75,46.75,7.74
-108.25,46.75,11.4
-107.75,46.75,6.37
-107.25,46.75,3.44
-106.75,46.75,2.86
-106.25,46.75,2.75
-105.75,46.75,2.65
-105.25,46.75,2.38
-104.75,46.75,2.36
-104.25,46.75,2.41
-103.75,46.75,2.35
-103.25,46.75,2.29
-102.75,46.75,2.68
-102.25,46.75,2.8
-101.75,46.75,2.67
-101.25,46.75,2.38
-100.75,46.75,2.21
-100.25,46.75,2.43
-99.75,46.75,2.75
-99.25,46.75,2.93
-98.75,46.75,3.02
-98.25,46.75,2.95
-97.75,46.75,5.36
-97.25,46.75,9.94
-96.75,46.75,11.6
-96.25,46.75,12.2
-95.75,46.75,12.4
-95.25,46.75,12.8
-94.75,46.75,13
-94.25,46.75,13.4
-93.75,46.75,13.4
-93.25,46.75,13.2
-92.75,46.75,13.4
-92.25,46.75,13.3
-91.75,46.75,12.9
-91.25,46.75,12.9
-90.75,46.75,13
-90.25,46.75,13.1
-89.75,46.75,13
-89.25,46.75,13
-88.75,46.75,13
-88.25,46.75,13.1
-87.75,46.75,13.4
-87.25,46.75,13.4
-86.25,46.75,12.9
-85.75,46.75,12.9
-85.25,46.75,12.9
-84.75,46.75,13
-84.25,46.75,12.7
-83.75,46.75,12
-83.25,46.75,11.9
-82.75,46.75,11.8
-82.25,46.75,11.7
-81.75,46.75,11.5
-81.25,46.75,11.4
-80.75,46.75,11.4
-80.25,46.75,11.5
-79.75,46.75,11.6
-79.25,46.75,11.4
-78.75,46.75,11.4
-78.25,46.75,11.4
-77.75,46.75,11.5
-77.25,46.75,11.5
-76.75,46.75,10.2
-76.25,46.75,6.77
-75.75,46.75,2.67
-75.25,46.75,6.61
-74.75,46.75,6.57
-74.25,46.75,6.58
-73.75,46.75,6.61
-73.25,46.75,6.62
-72.75,46.75,6.68
-72.25,46.75,4.57
-71.75,46.75,3.91
-71.25,46.75,3.45
-70.75,46.75,3.45
-70.25,46.75,2.73
-69.75,46.75,2.7
-69.25,46.75,2.27
-68.75,46.75,2.96
-68.25,46.75,2.48
-67.75,46.75,2.99
-67.25,46.75,3
-123.75,47.25,7.9
-123.25,47.25,5.51
-122.75,47.25,4.31
-122.25,47.25,4.15
-121.75,47.25,4.16
-121.25,47.25,3.85
-120.75,47.25,3.86
-120.25,47.25,3.86
-119.75,47.25,7.19
-119.25,47.25,3.82
-118.75,47.25,3.6
-118.25,47.25,3.63
-117.75,47.25,3.67
-117.25,47.25,3.7
-116.75,47.25,3.62
-116.25,47.25,3.72
-115.75,47.25,3.76
-115.25,47.25,3.82
-114.75,47.25,3.85
-114.25,47.25,3.77
-113.75,47.25,3.31
-113.25,47.25,2.7
-112.75,47.25,1.84
-112.25,47.25,1.74
-111.75,47.25,1.75
-111.25,47.25,2.21
-110.75,47.25,2.25
-110.25,47.25,2.23
-109.75,47.25,2.28
-109.25,47.25,2.59
-108.75,47.25,3.52
-108.25,47.25,8.65
-107.75,47.25,9.23
-107.25,47.25,5.77
-106.75,47.25,3.43
-106.25,47.25,3.04
-105.75,47.25,2.57
-105.25,47.25,2.45
-104.75,47.25,2.66
-104.25,47.25,2.6
-103.75,47.25,2.69
-103.25,47.25,2.57
-102.75,47.25,2.94
-102.25,47.25,2.96
-101.75,47.25,2.94
-101.25,47.25,2.45
-100.75,47.25,2.41
-100.25,47.25,2.1
-99.75,47.25,2.24
-99.25,47.25,2.58
-98.75,47.25,2.91
-98.25,47.25,2.97
-97.75,47.25,4.37
-97.25,47.25,7.02
-96.75,47.25,9.1
-96.25,47.25,11.7
-95.75,47.25,12
-95.25,47.25,12.2
-94.75,47.25,12.5
-94.25,47.25,12.5
-93.75,47.25,13
-93.25,47.25,12.9
-92.75,47.25,12.7
-92.25,47.25,12.7
-91.75,47.25,12.5
-91.25,47.25,12.5
-88.75,47.25,13.1
-88.25,47.25,13.1
-87.75,47.25,13.4
-84.75,47.25,12.9
-84.25,47.25,11.6
-83.75,47.25,11.7
-83.25,47.25,11.7
-82.75,47.25,11.6
-82.25,47.25,11.6
-81.75,47.25,11.4
-81.25,47.25,11.5
-80.75,47.25,11.4
-80.25,47.25,11.3
-79.75,47.25,11.3
-79.25,47.25,11.3
-78.75,47.25,11.3
-78.25,47.25,11.3
-77.75,47.25,11.3
-77.25,47.25,10.2
-76.75,47.25,7.17
-76.25,47.25,7.07
-75.75,47.25,7.02
-75.25,47.25,6.99
-74.75,47.25,6.99
-74.25,47.25,7
-73.75,47.25,7.03
-73.25,47.25,7.07
-72.75,47.25,3.93
-72.25,47.25,4.23
-71.75,47.25,4.14
-71.25,47.25,3.75
-70.75,47.25,3.27
-70.25,47.25,2.88
-69.75,47.25,2.85
-69.25,47.25,2.38
-68.75,47.25,3.13
-68.25,47.25,3.14
-67.75,47.25,3.15
-67.25,47.25,3.07
-123.75,47.75,8.79
-123.25,47.75,5.07
-122.75,47.75,4.52
-122.25,47.75,4.11
-121.75,47.75,4.08
-121.25,47.75,4.05
-120.75,47.75,3.91
-120.25,47.75,3.89
-119.75,47.75,3.88
-119.25,47.75,3.62
-118.75,47.75,3.62
-118.25,47.75,3.63
-117.75,47.75,3.63
-117.25,47.75,3.55
-116.75,47.75,3.43
-116.25,47.75,3.44
-115.75,47.75,3.46
-115.25,47.75,3.48
-114.75,47.75,3.44
-114.25,47.75,2.94
-113.75,47.75,2.74
-113.25,47.75,2.51
-112.75,47.75,2.24
-112.25,47.75,1.88
-111.75,47.75,2.16
-111.25,47.75,1.92
-110.75,47.75,2.2
-110.25,47.75,2.22
-109.75,47.75,2.26
-109.25,47.75,2.3
-108.75,47.75,2.49
-108.25,47.75,7.34
-107.75,47.75,9.74
-107.25,47.75,7.73
-106.75,47.75,3.25
-106.25,47.75,3.12
-105.75,47.75,3.09
-105.25,47.75,2.7
-104.75,47.75,2.73
-104.25,47.75,2.55
-103.75,47.75,2.48
-103.25,47.75,2.43
-102.75,47.75,2.74
-102.25,47.75,2.75
-101.75,47.75,2.67
-101.25,47.75,2.35
-100.75,47.75,2.24
-100.25,47.75,1.79
-99.75,47.75,1.76
-99.25,47.75,2.41
-98.75,47.75,2.81
-98.25,47.75,4.6
-97.75,47.75,6.11
-97.25,47.75,5.49
-96.75,47.75,6.26
-96.25,47.75,7.17
-95.75,47.75,11.6
-95.25,47.75,12.6
-94.75,47.75,12.6
-94.25,47.75,12.7
-93.75,47.75,13.1
-93.25,47.75,13.2
-92.75,47.75,13.1
-92.25,47.75,12.7
-91.75,47.75,12.7
-91.25,47.75,12.7
-90.75,47.75,12.9
-90.25,47.75,12.9
-89.75,47.75,12.9
-89.25,47.75,12.8
-85.75,47.75,12.6
-85.25,47.75,12.5
-84.75,47.75,11.3
-84.25,47.75,11.3
-83.75,47.75,11.3
-83.25,47.75,11.3
-82.75,47.75,11.2
-82.25,47.75,11.2
-81.75,47.75,11.1
-81.25,47.75,10.9
-80.75,47.75,10.8
-80.25,47.75,10.9
-79.75,47.75,10.9
-79.25,47.75,10.9
-78.75,47.75,10.9
-78.25,47.75,10.9
-77.75,47.75,9.81
-77.25,47.75,6.58
-76.75,47.75,6.44
-76.25,47.75,6.35
-75.75,47.75,6.31
-75.25,47.75,6.31
-74.75,47.75,6.38
-74.25,47.75,6.42
-73.75,47.75,6.46
-73.25,47.75,3.4
-72.75,47.75,3.48
-72.25,47.75,3.85
-71.75,47.75,3.76
-71.25,47.75,3.29
-70.75,47.75,1.39
-70.25,47.75,2.58
-69.75,47.75,2.59
-69.25,47.75,2.82
-68.75,47.75,2.84
-68.25,47.75,2.86
-67.75,47.75,2.88
-67.25,47.75,3.01
